,pdb_name,pdb_path,native_score,fixed_chains,designed_chains,model_name,native_sequence,temperature,log_probs_score,global_score,sequence_recovery,designed_sequence,designed_sequence_no
0,16VP,./pdb/16VP.pdb,1.8002,[],['A'],v_48_020,SRMPSPPMPVPPAALFNRLLDDLGFSAGPALCTMLDTWNEDLFSALPTNADLYRECKFLSTLPSDVVEWGDAYVPERTQIDIRAHGDVAFPTLPATRDGLGLYYEALSRFFHAELRAREESYRTVLANFCSALYRYLRASVRQLHRQAHMRGRDRDLGEMLRATIADRYYRETARLARVLFLHLYLFLTREILWAAYAEQMMRPDLFDCLCCDLESWRQLAGLFQPFMFVNGALTVRGVPIEARRLRELNHIREHLNLPLVRSAATEEPGAPLTTPPTLHGNQARASGYFMVLIRAKLDSYSSXXXXXXXXXXXXXXXXXXXXXXXXXXXXXXXXXXXXXXXXXXXXXAAPRLSFL,0.1,0.9570,0.9570,0.3601,SNSPEPFEPAPPEELLERLKEALDFPDAEAKLEFLKTTNFPIFSNIPSFSELFKNNKALSKDPEVRLEWINSYKPSSEGIDLNKKGNKPFPELPETREGLPDFYKAVKEYFNDQYKAQLEDYKKLLDNIAIALGRYIIKQCEEEYKRLAAQGKPVDLKELILKAIEEEYWPQLRKFAKILLLSLILKTSKEIQHKLYEQQKKAPHLFDNLVVDFSSEEELFSIFQPLFYVNGGLLVNGKPIDSKTLREYNYVREKLGLPLIEVKAVRIPGEPLTAKPKFDPNKPTTLDYFDKLVDKLLDAYSEXXXXXXXXXXXXXXXXXXXXXXXXXXXXXXXXXXXXXXXXXXXXXSLPKFSFK,0
1,16VP,./pdb/16VP.pdb,1.8002,[],['A'],v_48_020,SRMPSPPMPVPPAALFNRLLDDLGFSAGPALCTMLDTWNEDLFSALPTNADLYRECKFLSTLPSDVVEWGDAYVPERTQIDIRAHGDVAFPTLPATRDGLGLYYEALSRFFHAELRAREESYRTVLANFCSALYRYLRASVRQLHRQAHMRGRDRDLGEMLRATIADRYYRETARLARVLFLHLYLFLTREILWAAYAEQMMRPDLFDCLCCDLESWRQLAGLFQPFMFVNGALTVRGVPIEARRLRELNHIREHLNLPLVRSAATEEPGAPLTTPPTLHGNQARASGYFMVLIRAKLDSYSSXXXXXXXXXXXXXXXXXXXXXXXXXXXXXXXXXXXXXXXXXXXXXAAPRLSFL,0.1,0.9616,0.9616,0.3762,SSSPPPPEPAPFEELLEQLRKALDFPEAPEILEFLKKTNFPIFKNIPSFAELFKDNKGLSKDPEKVLEYFNSYKPDSSGIDLNARGKTPLPKLPETREGLPAFIEALKEYFRDQLRTRLESYRKLLDNYAIALGRYLKKEAEKEYEELKKKGKPVDLKELILKRIEKEYWPALREVAKLLLLSLYLRTVKEIQHKLYEEQKKAPELFKDLEVDFESWEELFSIFQPFFYVNGGLKVNGKDVPSELLRQYNYVRKKLGLPLLICEAIREKGKPLTSEPEFDPNKKSTLDYFLELVDKRLNAYSSXXXXXXXXXXXXXXXXXXXXXXXXXXXXXXXXXXXXXXXXXXXXXMLPKLSFK,1
2,16VP,./pdb/16VP.pdb,1.8002,[],['A'],v_48_020,SRMPSPPMPVPPAALFNRLLDDLGFSAGPALCTMLDTWNEDLFSALPTNADLYRECKFLSTLPSDVVEWGDAYVPERTQIDIRAHGDVAFPTLPATRDGLGLYYEALSRFFHAELRAREESYRTVLANFCSALYRYLRASVRQLHRQAHMRGRDRDLGEMLRATIADRYYRETARLARVLFLHLYLFLTREILWAAYAEQMMRPDLFDCLCCDLESWRQLAGLFQPFMFVNGALTVRGVPIEARRLRELNHIREHLNLPLVRSAATEEPGAPLTTPPTLHGNQARASGYFMVLIRAKLDSYSSXXXXXXXXXXXXXXXXXXXXXXXXXXXXXXXXXXXXXXXXXXXXXAAPRLSFL,0.1,0.9398,0.9398,0.4469,SNSPAPFAPAPPEELLAALKEALDFPEADERLELLKKWNFPLFKNLPTFAELWKDDPSLSRDPRVRLEWFRAYKPSSAGIDLNARGALPRPALPATREGLPAYYAALRAYFEDELRTRLKSYRQLLNNVAAALGRYLRAQCEAEHERLAAEGRPVDLEELLLEAIEREYWPWLRRAARLLLLHLVLTTVRELQHELYAEQAQAPDLFDDLVVDFASWEELESLFQPFFFVHGGLLVGGEPVPAERLRQLNYVREALGLPLLECAAVRVPGEPLTLEPEFDPNKPSTLDYFDEWVDKLLDAYSAXXXXXXXXXXXXXXXXXXXXXXXXXXXXXXXXXXXXXXXXXXXXXAAPRFSFR,2
3,16VP,./pdb/16VP.pdb,1.8002,[],['A'],v_48_020,SRMPSPPMPVPPAALFNRLLDDLGFSAGPALCTMLDTWNEDLFSALPTNADLYRECKFLSTLPSDVVEWGDAYVPERTQIDIRAHGDVAFPTLPATRDGLGLYYEALSRFFHAELRAREESYRTVLANFCSALYRYLRASVRQLHRQAHMRGRDRDLGEMLRATIADRYYRETARLARVLFLHLYLFLTREILWAAYAEQMMRPDLFDCLCCDLESWRQLAGLFQPFMFVNGALTVRGVPIEARRLRELNHIREHLNLPLVRSAATEEPGAPLTTPPTLHGNQARASGYFMVLIRAKLDSYSSXXXXXXXXXXXXXXXXXXXXXXXXXXXXXXXXXXXXXXXXXXXXXAAPRLSFL,0.1,0.9615,0.9615,0.3698,SNSPPPFEPMPPEELEEALLEALDFPDAREKLEFLKESNFNLFSNLPTFAHLFKDDKSLSKDPKERLEFFKSYKPSSEGIDLNARGDKPRPKLPETREGIPAYIAERRAYFYDQYEVRLKDVRKLLRNIAIALGRYIIEQVKKEYEELKKKGIPVDEEELILKAIEEHYWPWLRRLAKIVLLSLVLKLVSEIEHELYKEQAKAPHLFDDLVVDFPSWEELESLFQPLFFVNGGLLVNGKPIDPEKLRQYNYVREKLGLPLLICKAIHIPGKPLTEKPEFDKSKPSTLDYFEKWVDKLLDAYSAXXXXXXXXXXXXXXXXXXXXXXXXXXXXXXXXXXXXXXXXXXXXXSAPKLSWK,3
4,1A06,./pdb/1A06.pdb,1.6333,[],['A'],v_48_020,WKQAEDIRDIYDFRDVLGTGAFSEVILAEDKRTQKLVAIKCIAKXXXXXXXXXXENEIAVLHKIKHPNIVALDDIYESGGHLYLIMQLVSGGELFDRIVEKGFYTERDASRLIFQVLDAVKYLHDLGIVHRDLKPENLLYYSLDEDSKIMISDFXXXXXXXXXXXXXXXXXXPGYVAPEVLAQKPYSKAVDCWSIGVIAYILLCGYPPFYDENDAKLFEQILKAEYEFDSPYWDDISDSAKDFIRHLMEKDPEKRFTCEQALQHPWIAGDTALDKNIHQSVSEQIKKNFAKSKWKQAFNATAVVRHM,0.1,0.8852,0.8852,0.4194,FKEVKNIEDVFEFLGNLGTGEYSNIKIARRKETGELVAIKEIPLXXXXXXXXXXLEKIEKLLKINHPNIVRILDVYKAGDKIYLVLELISGGLLYDKIINDPNYSEKDAARIVRDLAEALKFLHDQGIIHKDLKIENLLLESSDPNARVKLIDFXXXXXXXXXXXXXXXXXXDPYIAPEVLKGKKPTAKADVWSLGVILYILLTGKPPFKAKTEEERLKKILNGEYKFDKELSKNISKEAKDLIDKCLETDPEKRWTLDEALAHPFLSGDSASDTNISDIVRKNLKEYLNRPKEKDYIDVNKILEYK,0
5,1A06,./pdb/1A06.pdb,1.6333,[],['A'],v_48_020,WKQAEDIRDIYDFRDVLGTGAFSEVILAEDKRTQKLVAIKCIAKXXXXXXXXXXENEIAVLHKIKHPNIVALDDIYESGGHLYLIMQLVSGGELFDRIVEKGFYTERDASRLIFQVLDAVKYLHDLGIVHRDLKPENLLYYSLDEDSKIMISDFXXXXXXXXXXXXXXXXXXPGYVAPEVLAQKPYSKAVDCWSIGVIAYILLCGYPPFYDENDAKLFEQILKAEYEFDSPYWDDISDSAKDFIRHLMEKDPEKRFTCEQALQHPWIAGDTALDKNIHQSVSEQIKKNFAKSKWKQAFNATAVVRHM,0.1,0.8816,0.8816,0.4695,WEEVENIEDVFEFLSNLGTGEYSNLKIARDKETGELYAIKEIPLXXXXXXXXXXLEKIKKLLKINHPNIVRILKVYKAGDKIYLVLELVSGGLLFDRIINDENYNEKDAARIIRDLAEALKHLHDLGITHFDLKPENLLFESSDPDAKVKLIDFXXXXXXXXXXXXXXXXXXDPFIAPEKLAGKEVTPKADVWSLGVIAYILLTGKYPFKAKTKEEQLKKILNGEYKFDEELSKNISPEAKELIEKMLETDPEKRWTLEEALAHPFLSGDTASDKNISDIVRKNLKKYLSRPKEKDYFDVDAVLEHK,1
6,1A06,./pdb/1A06.pdb,1.6333,[],['A'],v_48_020,WKQAEDIRDIYDFRDVLGTGAFSEVILAEDKRTQKLVAIKCIAKXXXXXXXXXXENEIAVLHKIKHPNIVALDDIYESGGHLYLIMQLVSGGELFDRIVEKGFYTERDASRLIFQVLDAVKYLHDLGIVHRDLKPENLLYYSLDEDSKIMISDFXXXXXXXXXXXXXXXXXXPGYVAPEVLAQKPYSKAVDCWSIGVIAYILLCGYPPFYDENDAKLFEQILKAEYEFDSPYWDDISDSAKDFIRHLMEKDPEKRFTCEQALQHPWIAGDTALDKNIHQSVSEQIKKNFAKSKWKQAFNATAVVRHM,0.1,0.8928,0.8928,0.4516,FKKVESIEEVFEFLGHLGTGEYSKLIVARDKETGELYAIKRIPLXXXXXXXXXXLERIKKLLKIEHPNIVRILDVYEAGDALYLVLELLSGGLLYDYIIENPNFTEKDVANIIRDLAEALKFLHEQGIIHRDLKLDNLLLESSDPNARVKLIDFXXXXXXXXXXXXXXXXXXDPFIAPELLAGKKPTAKVDVWSLGVILYILLTGRFPFEAETEEERLKKILNGEYKFDEELSKNISKEAKELIDKMLETDPEKRWTLEEALAHPFLSGDTASDTNISKIVKENLKKYLSRPKEKDYFNKDLVLEHL,2
7,1A06,./pdb/1A06.pdb,1.6333,[],['A'],v_48_020,WKQAEDIRDIYDFRDVLGTGAFSEVILAEDKRTQKLVAIKCIAKXXXXXXXXXXENEIAVLHKIKHPNIVALDDIYESGGHLYLIMQLVSGGELFDRIVEKGFYTERDASRLIFQVLDAVKYLHDLGIVHRDLKPENLLYYSLDEDSKIMISDFXXXXXXXXXXXXXXXXXXPGYVAPEVLAQKPYSKAVDCWSIGVIAYILLCGYPPFYDENDAKLFEQILKAEYEFDSPYWDDISDSAKDFIRHLMEKDPEKRFTCEQALQHPWIAGDTALDKNIHQSVSEQIKKNFAKSKWKQAFNATAVVRHM,0.1,0.8763,0.8763,0.4767,FKEVKKIEDVFEFLATLGTGEYSNLIIARDKETGKLYAIKRIPLXXXXXXXXXXLESIKRLLKIEHPNIVRILDVYKSGDAIYLVLELVSGGFLYDRIIKDENYNEKDAAEIFRQVAEALKHLHELGIIHRDLKLDNLLFESDEPDARVKLIDFXXXXXXXXXXXXXXXXXXSPFIAPEVLAGKKPTAKVDAWSLGVILYILLTGKPPFEAETEEERLKKILNGEYEFEEELSKNISEEAKELIEKLLETDPEKRWTLEEALAHPFLSGDTASDKNISDIVKENLKKYFSRPKSEDYFDVEAILKHL,3
8,1A3H,./pdb/1A3H.pdb,1.5601,[],['A'],v_48_020,SVVEEHGQLSISNGELVNERGEQVQLKGMSSHGLQWYGQFVNYESMKWLRDDWGINVFRAAMYTSSGGYIDDPSVKEKVKEAVEAAIDLDIYVIIDWHILSDNDPNIYKEEAKDFFDEMSELYGDYPNVIYEIANEPNGSDVTWGNQIKPYAEEVIPIIRNNDPNNIIIVGTGTWSQDVHHAADNQLADPNVMYAFHFYAGTHGQNLRDQVDYALDQGAAIFVSEWGTSAATGDGGVFLDEAQVWIDFMDERNLSWANWSLTHKDESSAALMPGANPTGGWTEAELSPSGTFVREKIRES,0.1,0.8869,0.8869,0.4567,SFVEKHGKLSVKDGRLVDEEGKPVRLVGVNFAYLKYYSEYLNYELLKDLKENWNVNLIRASLPVDNGGLLEDPSVLDKVEEAIKAAEELNIYVIADLHIWDVKDPRKVEDFAIEVFEHLAEKYGDSPNVIYEIANEAWGSDVTWETNIKPFAERVAPVIKKHDPDKLIIVATPNWATDVEEAAKNPLDYPNVMYSAHFWSGEDLDEWLARVDAALAQGLPIFVTEFSLADPWGDGEVHFERAERFMAFLDEHGLSASFWFVSTAPLASSLFTPNAPPTGGWTEEQLTPAGKFVRAYLKER,0
9,1A3H,./pdb/1A3H.pdb,1.5601,[],['A'],v_48_020,SVVEEHGQLSISNGELVNERGEQVQLKGMSSHGLQWYGQFVNYESMKWLRDDWGINVFRAAMYTSSGGYIDDPSVKEKVKEAVEAAIDLDIYVIIDWHILSDNDPNIYKEEAKDFFDEMSELYGDYPNVIYEIANEPNGSDVTWGNQIKPYAEEVIPIIRNNDPNNIIIVGTGTWSQDVHHAADNQLADPNVMYAFHFYAGTHGQNLRDQVDYALDQGAAIFVSEWGTSAATGDGGVFLDEAQVWIDFMDERNLSWANWSLTHKDESSAALMPGANPTGGWTEAELSPSGTFVREKIRES,0.1,0.8793,0.8793,0.4167,SFVEKYGKLSVKDGKLVDQDGNPVRLAGFNFYDLKYYWEYLNKELLEWMKNNWNANIVRASLPLDDGGLLDDPSVLEKVREGIKAAEELNIYAVVDFHNWNIRNPNNVKDFIIEVARELAKEYGDSDYVIWEVANEAYGSDVTWEKDIKPFFEEVAPVIKEYDPDHLIIVASPNWSTDVLEAAKNPSPYPNVMVAAHFWAGEDTDEWLEKVDEALALGQPVFLTEFAPSDPWGDGEVHFENFKKIMEFLDEKGISWLAWSVSTAPLASSLLTPNAPPTGGWTEEELTPAGRFVAEYLKSR,1
10,1A3H,./pdb/1A3H.pdb,1.5601,[],['A'],v_48_020,SVVEEHGQLSISNGELVNERGEQVQLKGMSSHGLQWYGQFVNYESMKWLRDDWGINVFRAAMYTSSGGYIDDPSVKEKVKEAVEAAIDLDIYVIIDWHILSDNDPNIYKEEAKDFFDEMSELYGDYPNVIYEIANEPNGSDVTWGNQIKPYAEEVIPIIRNNDPNNIIIVGTGTWSQDVHHAADNQLADPNVMYAFHFYAGTHGQNLRDQVDYALDQGAAIFVSEWGTSAATGDGGVFLDEAQVWIDFMDERNLSWANWSLTHKDESSAALMPGANPTGGWTEAELSPSGTFVREKIRES,0.1,0.8511,0.8511,0.4500,SFVKKHGKLSVKDGKLVDENGNPVTLAGFNFAYLQYYSEYLNYKLIKWLKENCGANIIRASLPMDNGGYLDNPEVVEKVREAIKAAEELDIYVIADLHNWNLKNPNKVKDKAKELFEELAKEYGDSDNVIYDITNEASGSDVTWEKDIKPFYDEIIPVIKKYDPDSLIIVATPNNSRDVEAAADNPIDYPNVMYDFHFWAGEDLDEQLEKVDKALAKGTPIFVTEFSVAPPDGDGEVYLENAKKVVEFLEKQGISWTAWAVTNAPLANSLLKPNAPADGGWTEEELTEAGKFVCEVLKER,2
11,1A3H,./pdb/1A3H.pdb,1.5601,[],['A'],v_48_020,SVVEEHGQLSISNGELVNERGEQVQLKGMSSHGLQWYGQFVNYESMKWLRDDWGINVFRAAMYTSSGGYIDDPSVKEKVKEAVEAAIDLDIYVIIDWHILSDNDPNIYKEEAKDFFDEMSELYGDYPNVIYEIANEPNGSDVTWGNQIKPYAEEVIPIIRNNDPNNIIIVGTGTWSQDVHHAADNQLADPNVMYAFHFYAGTHGQNLRDQVDYALDQGAAIFVSEWGTSAATGDGGVFLDEAQVWIDFMDERNLSWANWSLTHKDESSAALMPGANPTGGWTEAELSPSGTFVREKIRES,0.1,0.8852,0.8852,0.4367,SFVEKYGKLSVKDGKIVNEKGEPVRLAGVSFWDLKYYSEYVNEKMIKWLKETWNVNIIRVALPVDNGGYLDDPSVIDVAFKAIDAAEKLNIYVIVDAHNWNLGDPNTALDKLKEFFKKIAEKYGNSNNVIYEVVNEASGSSVTWETNIKPAYEELAPVIKKYDPDKLIIAATANWSRDVVAAADNPPKDPNVMIDVHFWAGEDLDDYLKKVEEALAKGVPIFASEFGVADWWGDGKVYFENFDKWLKFLDEKNISYTFWSVTNAGLANALLKPNAPPDGGWTEEELTEAGKHVANYLKSK,3
12,1A44,./pdb/1A44.pdb,1.6274,[],['A'],v_48_020,PVDLSKWSGPLSLQEVDERPQHPLQVKYGGAEVDELGKVLTPTQVKNRPTSITWDGLDPGKLYTLVLTDPDAPSRKDPKYREWHHFLVVNMKGNNISSGTVLSDYVGSGPPKGTGLHRYVWLVYEQEGPLKCDEPILSNRSGDHRGKFKVASFRKKYELGAPVAGTCYQAEWDDYVPKLYEQLSG,0.1,0.8980,0.8980,0.4270,MIDLSQWDGELQLHRIVEKPEHPLHVKFANAEVNELGQLLTTSEVKERPTSISWPGLDPNEYYVFIVVDPDYPSRENPEKAPFLRELRVNCKGDDLDSGEVIVEYVPPNPPKGSGEHTIYFAVYKQKGKLESNLPKISPDTDEGRYNFDVKKFVDSLGLGKPVAGCAFKVKYDETAPEIEERLKK,0
13,1A44,./pdb/1A44.pdb,1.6274,[],['A'],v_48_020,PVDLSKWSGPLSLQEVDERPQHPLQVKYGGAEVDELGKVLTPTQVKNRPTSITWDGLDPGKLYTLVLTDPDAPSRKDPKYREWHHFLVVNMKGNNISSGTVLSDYVGSGPPKGTGLHRYVWLVYEQEGPLKCDEPILSNRSGDHRGKFKVASFRKKYELGAPVAGTCYQAEWDDYVPKLYEQLSG,0.1,0.9246,0.9246,0.4541,SIDLSQWDGELNLTRILPRPEHALNVTWADAAVDKLGQLLTVSQTATPPTSVTWPGLDPNALYVYVVVDPDYPSREKPEKAGFLHELRVNCKGDDLASCTTIVGYVPPAPPKGTGPQRYLYAVFRAAGPLKVDFPVISPETDEGRYNFDVAEFVKSLGLGPPVAGAAFLTEYDETAPAIYERLKG,1
14,1A44,./pdb/1A44.pdb,1.6274,[],['A'],v_48_020,PVDLSKWSGPLSLQEVDERPQHPLQVKYGGAEVDELGKVLTPTQVKNRPTSITWDGLDPGKLYTLVLTDPDAPSRKDPKYREWHHFLVVNMKGNNISSGTVLSDYVGSGPPKGTGLHRYVWLVYEQEGPLKCDEPILSNRSGDHRGKFKVASFRKKYELGAPVAGTCYQAEWDDYVPKLYEQLSG,0.1,0.8987,0.8987,0.4649,MIDLSKWDGELNLSEIVPRPKHAARVTFANAEVKELGQLLTVSQVRERPTSITWEGLDPNALYVYVVVDPDYPSRENPTKAPFLLELRVNCKGDDLDSGEVIVEYVPPYPPKGSGKHRIYVAVFKQKGPLKTDFPKISPTTDEGRYNFNVAEFAKSLGLGEPVAGCSFLVEYDEKTEEIKELLKK,2
15,1A44,./pdb/1A44.pdb,1.6274,[],['A'],v_48_020,PVDLSKWSGPLSLQEVDERPQHPLQVKYGGAEVDELGKVLTPTQVKNRPTSITWDGLDPGKLYTLVLTDPDAPSRKDPKYREWHHFLVVNMKGNNISSGTVLSDYVGSGPPKGTGLHRYVWLVYEQEGPLKCDEPILSNRSGDHRGKFKVASFRKKYELGAPVAGTCYQAEWDDYVPKLYEQLSG,0.1,0.9138,0.9138,0.4108,MIDLSKWDGELNLTRVVPRPKHPLHITWANAEVNELGQLLTTSQTAERPTSVTWEGEDPNALYVFIVVNPDYPSRENPEHAPFLLELRVNCKGTDLDSCETIVGYVPPAPPEGTGPQTILFAVYRQAGPLQTDLPVIPPTTLAGRTGFDVQAFVDSLGLGEPVAGAAFLVEYDARTPEILARLAG,3
16,1A6Q,./pdb/1A6Q.pdb,1.6317,[],['A'],v_48_020,GAFLDKPKMEKHNAQGQGNGLRYGLSSMQGWRVEMEDAHTAVIGLPSGLESWSFFAVYDGHAGSQVAKYCCEHLLDHITNNQDFKGSAGAPSVENVKNGIRTGFLEIDEHMRVMSEKKHGADRSGSTAVGVLISPQHTYFINCGDSRGLLCRNRKVHFFTQDHKPSNPLEKERIQNAGGSVMIQRVNGSLAVSRALGDFDYKCVHGKGPTEQLVSPEPEVHDIERSEEDDQFIILACDGIWDVMGNEELCDFVRSRLEVTDDLEKVCNEVVDTCLYKGSRDNMSVILICFPNAPKVSPEAVKKEAELDKYLECRVEEIIKXXXXGVPDLVHVMRTLASENIPSLPPGGELASKRNVIEAVYNRLNPY,0.1,0.8613,0.8613,0.4353,EDLLEEPDKTYKTESGEGNGLRWGSALCLGYEKYLEDAFTAQIGLPNGLEDWAFFAVFDGHGGNEVADYAAKNFVDYIINNPAFQDGSGKPTKENIVNGIKEGALNLHLDLKEKREKTGDKSESSTTVVGVLITPEDLFFINIGDSRALLVQDGKVAYSTKPALPSDPEEAARIEAAGGRVVGDLIDGRHPTARALGHFHLQEVPGKSLEEQLISPLPDVTIVPRDPEKDEFVILATDGVWDVFSDEELAEFAKYLAKITDDLEEIAKRIVEAALNAGSRDNIAVIIIAFPNFPKVDEEAKKEYEKLVEKLKELVKEIAEXXXXKVPSLEEIIEKLRELNIEGLPPGAGLEGYVPVIEKAYKELFPE,0
17,1A6Q,./pdb/1A6Q.pdb,1.6317,[],['A'],v_48_020,GAFLDKPKMEKHNAQGQGNGLRYGLSSMQGWRVEMEDAHTAVIGLPSGLESWSFFAVYDGHAGSQVAKYCCEHLLDHITNNQDFKGSAGAPSVENVKNGIRTGFLEIDEHMRVMSEKKHGADRSGSTAVGVLISPQHTYFINCGDSRGLLCRNRKVHFFTQDHKPSNPLEKERIQNAGGSVMIQRVNGSLAVSRALGDFDYKCVHGKGPTEQLVSPEPEVHDIERSEEDDQFIILACDGIWDVMGNEELCDFVRSRLEVTDDLEKVCNEVVDTCLYKGSRDNMSVILICFPNAPKVSPEAVKKEAELDKYLECRVEEIIKXXXXGVPDLVHVMRTLASENIPSLPPGGELASKRNVIEAVYNRLNPY,0.1,0.8704,0.8704,0.4298,EGLLEKPDTTFETESGEGNGLRWGSALCRGYETEREDARCLQLGLPGGLEDWAWAAVFDGHHGRRVADYAAENFPAFILGNPAFRPGHGRPTDEDIVAGIREGALRLTEELRARDEATGNPDDSGTEVAGVLITPDSLYLINIGDSRVLVVENGRVAAETKPHLPNDPEERARIEAAGGTVVGDLIDGFHPTSRALGHFHLQRVPGRSLEEQLVSPLPDVRILPIDPERLQFVIIATDGVWDVLTPEELAAAIEALLRVTDDLEAVARRICEAALNKGSRDDIAVILILFPNAPKVDPAAVEAEARLKEELRKLVREIASXXXXSVPSLEEIIKKLEELKLPGLVPGLGLAGYYPVIEEAYKELVPE,1
18,1A6Q,./pdb/1A6Q.pdb,1.6317,[],['A'],v_48_020,GAFLDKPKMEKHNAQGQGNGLRYGLSSMQGWRVEMEDAHTAVIGLPSGLESWSFFAVYDGHAGSQVAKYCCEHLLDHITNNQDFKGSAGAPSVENVKNGIRTGFLEIDEHMRVMSEKKHGADRSGSTAVGVLISPQHTYFINCGDSRGLLCRNRKVHFFTQDHKPSNPLEKERIQNAGGSVMIQRVNGSLAVSRALGDFDYKCVHGKGPTEQLVSPEPEVHDIERSEEDDQFIILACDGIWDVMGNEELCDFVRSRLEVTDDLEKVCNEVVDTCLYKGSRDNMSVILICFPNAPKVSPEAVKKEAELDKYLECRVEEIIKXXXXGVPDLVHVMRTLASENIPSLPPGGELASKRNVIEAVYNRLNPY,0.1,0.8451,0.8451,0.4490,EDLLEEPDLTIETESGEGNGLRWGTAKSLGYRKEREDAYTVQIGLPGGLEDWSWAAVFDGHHGPRVAEYAARHLPDYIIGNPAFRGGRGPPTDEEIVNGIREGALRLHEDLRARAEAEGDPDTSSTEVAGVLITPENLYVINIGDSRVIIVENGKVAYETKPHRPNDPEEAARIERAGGKVVGDLIDGVHDTARALGHFDLQRVPGLSLTEQLISPEPDVEIIPINPEKLNFVIIATDGVWDVFSPEELAKFTEYLLKVTDDLEEVAKKIIETAINKGSKDDIAVIIICFPNAPKVDEEAVKEWEELKERLRELVREIAEXXXXKVPSFEEILKKLEELKIPGLPPGAGLAGLAPVIRETYKELFPE,2
19,1A6Q,./pdb/1A6Q.pdb,1.6317,[],['A'],v_48_020,GAFLDKPKMEKHNAQGQGNGLRYGLSSMQGWRVEMEDAHTAVIGLPSGLESWSFFAVYDGHAGSQVAKYCCEHLLDHITNNQDFKGSAGAPSVENVKNGIRTGFLEIDEHMRVMSEKKHGADRSGSTAVGVLISPQHTYFINCGDSRGLLCRNRKVHFFTQDHKPSNPLEKERIQNAGGSVMIQRVNGSLAVSRALGDFDYKCVHGKGPTEQLVSPEPEVHDIERSEEDDQFIILACDGIWDVMGNEELCDFVRSRLEVTDDLEKVCNEVVDTCLYKGSRDNMSVILICFPNAPKVSPEAVKKEAELDKYLECRVEEIIKXXXXGVPDLVHVMRTLASENIPSLPPGGELASKRNVIEAVYNRLNPY,0.1,0.8834,0.8834,0.4435,GGLLKEPDLTLETESGEGNGLKWGSARCQGYETVLEDASTLQIGLPGGLEDWAFAAVFDGHGGPDVADYAAEHFVDYITNNPEFQNGKGRPTDEDIINGIKEGAKNLDKDLREKKKKENDPSDSSTEVAGVLITPDKIYLINIGDSRVIIVQNGKVAHSTKPHLPNDPEEKARIEKAGGKVVGDLVDGVHPTARALGHFHLQQVEGKSLDEQVVSVLPDVTILPRDPEKDEFIILATDGVWDVFSDEELASFVKELLKITDDLEEVAKKIIETAINKGSKDNLTVILICFPSAPKVDKEAIEKYEKLKEKLKELVKEISKXXXXKVPSLEEIIKKLEEKKIEDLLPGAGLAGYYPIIEKAYKELQPE,3
20,1A7W,./pdb/1A7W.pdb,1.9106,[],['A'],v_48_020,MELPIAPIGRIIKDAGAERVSDDARITLAKILEEMGRDIASEAIKLARHAGRKTIKAEDIELAVRRFK,0.1,0.9782,0.9782,0.3235,MKINLEEVRKKLIEKGKKKVSDEEVEKEAKKLEEKKKKILEIAKKIAEERGRTEITEEDIKEAKKKFE,0
21,1A7W,./pdb/1A7W.pdb,1.9106,[],['A'],v_48_020,MELPIAPIGRIIKDAGAERVSDDARITLAKILEEMGRDIASEAIKLARHAGRKTIKAEDIELAVRRFK,0.1,1.0301,1.0301,0.2941,GKLNEEEIREKLIKEGRKYVSEEEVKEEREKIEKRREKIKEEAKKIAKERGRDEITKEDIEEARKKFE,1
22,1A7W,./pdb/1A7W.pdb,1.9106,[],['A'],v_48_020,MELPIAPIGRIIKDAGAERVSDDARITLAKILEEMGRDIASEAIKLARHAGRKTIKAEDIELAVRRFK,0.1,0.9867,0.9867,0.3235,MELDLEEVRKKLIEKGKKEVSEEEVEKERERIEKLKEKILEEAKKIAKERGRDEITKEDIEEALKKFK,2
23,1A7W,./pdb/1A7W.pdb,1.9106,[],['A'],v_48_020,MELPIAPIGRIIKDAGAERVSDDARITLAKILEEMGRDIASEAIKLARHAGRKTIKAEDIELAVRRFK,0.1,0.9652,0.9652,0.3676,MELNLEEVKKKLLEKGKEYVSEEEVEEEAKKLEELKKKILEEAKEIAKKRGRDEITEEDIKEALKKFK,3
24,1A9Y,./pdb/1A9Y.pdb,1.5258,[],['A'],v_48_020,MRVLVTGGSGYIGSHTCVQLLQNGHDVIILDNLCNSKRSVLPVIERLGGKHPTFVEGDIRNEALMTEILHDHAIDTVIHFAGLKAVGESVQKPLEYYDNNVNGTLRLISAMRAANVKNFIFSSAATVYGDQPKIPYVESFPTGTPQSPFGKSKLMVEQILTDLQKAQPDWSIALLRYFNPVGAHPSGDMGEDPQGIPNNLMPYIAQVAVGRRDSLAIFGNDYPTEDGTGVRDYIHVMDLADGHVVAMEKLANKPGVHIYNLGAGVGNSVLDVVNAFSKACGKPVNYHFAPRREGDLPAYWADASKADRELNWRVTRTLDEMAQDTWHWQSRHPQGYPD,0.1,0.7730,0.7730,0.4941,MKILLTGGLGFIGSHTTIQLLKEGHEVVILDNLKNASLSVLPLIEKLGGKKATFIEGDILDKELVEKILKEYNIEAVIHLAGLTDRELSRENPELYWKTNVEGTKALVEAAKKAGVKDFLFASTDAVFGDNKNVPLKEDMPFGEPEDPYGQSKLEVEEYLKKLHKENPEWSIVLARFFNIAGAHPSGELGEDPKGEPEHLLPRIAEVALGKREYVEIPGDDLPTADGTVERDYIHVEDVAEAIVTLVKKTKGKPGVHVVNVGSGKAYSDRQVIDAFSKAAGKEIPYRVGPRRPGLRPRWYADNSRAKEEFGWEPTTTLEEIAENTIKYYKKNPDGYPE,0
25,1A9Y,./pdb/1A9Y.pdb,1.5258,[],['A'],v_48_020,MRVLVTGGSGYIGSHTCVQLLQNGHDVIILDNLCNSKRSVLPVIERLGGKHPTFVEGDIRNEALMTEILHDHAIDTVIHFAGLKAVGESVQKPLEYYDNNVNGTLRLISAMRAANVKNFIFSSAATVYGDQPKIPYVESFPTGTPQSPFGKSKLMVEQILTDLQKAQPDWSIALLRYFNPVGAHPSGDMGEDPQGIPNNLMPYIAQVAVGRRDSLAIFGNDYPTEDGTGVRDYIHVMDLADGHVVAMEKLANKPGVHIYNLGAGVGNSVLDVVNAFSKACGKPVNYHFAPRREGDLPAYWADASKADRELNWRVTRTLDEMAQDTWHWQSRHPQGYPD,0.1,0.8016,0.8016,0.4527,MKILVTGGLGYIGSHTTIELLKEGHEVVVLDNLKFASEAIIPIINELGGKEAKFIKGDILDEEKVTKILKEYNIDAILHLAGIKDEEFSRKNPELVWKTNVEGTKALVKAAEKAGVKDFLFASTAGVFGDNKEYPLKEDMPLGEPPTPYGRAKVANEEYLKELHKENPNWSITLARLFNVAGAHPSGRLGRDPKGEPEDLFPRIADVVLGRRDYVEIPGRDLPTPDGTFEFDPIHVEDVAKAFVTILKKTKGKPGVHIVNIGSGKAYSETELIEAYSKAAGRPVPYRYGPRREGLRPRFYADTSYLEEKYGWKPTRSLAEIAENEVLYHRLNPDGYPE,1
26,1A9Y,./pdb/1A9Y.pdb,1.5258,[],['A'],v_48_020,MRVLVTGGSGYIGSHTCVQLLQNGHDVIILDNLCNSKRSVLPVIERLGGKHPTFVEGDIRNEALMTEILHDHAIDTVIHFAGLKAVGESVQKPLEYYDNNVNGTLRLISAMRAANVKNFIFSSAATVYGDQPKIPYVESFPTGTPQSPFGKSKLMVEQILTDLQKAQPDWSIALLRYFNPVGAHPSGDMGEDPQGIPNNLMPYIAQVAVGRRDSLAIFGNDYPTEDGTGVRDYIHVMDLADGHVVAMEKLANKPGVHIYNLGAGVGNSVLDVVNAFSKACGKPVNYHFAPRREGDLPAYWADASKADRELNWRVTRTLDEMAQDTWHWQSRHPQGYPD,0.1,0.7926,0.7926,0.4941,MRILVTGGLGYIGSFTTIELLKEGHEVVVLDNLKYAKESVLPIINELGGKKATFVKGDILDEEKMTEILKKYNIDAILHLAGLKNREESRKNPELVYKTNVEGTKALVKAAEKAGVKDFLFTSTASVFGNNTKTPLKEEMPDGEPPDPYGRSKLEVEKYLEELQKENPEWSIVLARLGNIAGAHPSGKLGYDPKGEPEYLFPRIARVVLGQEEEVEIPGADLPTATGYYERDYLHVVDVARFIVTALKKLKGKPGVHRVNVGSGKAHSETEVIDAFSAAAGRPVPYRVGPRKEGLLPRFTMDNSYAKEKLGWKPERTLDQIARDLIAYYEANPDGYPE,2
27,1A9Y,./pdb/1A9Y.pdb,1.5258,[],['A'],v_48_020,MRVLVTGGSGYIGSHTCVQLLQNGHDVIILDNLCNSKRSVLPVIERLGGKHPTFVEGDIRNEALMTEILHDHAIDTVIHFAGLKAVGESVQKPLEYYDNNVNGTLRLISAMRAANVKNFIFSSAATVYGDQPKIPYVESFPTGTPQSPFGKSKLMVEQILTDLQKAQPDWSIALLRYFNPVGAHPSGDMGEDPQGIPNNLMPYIAQVAVGRRDSLAIFGNDYPTEDGTGVRDYIHVMDLADGHVVAMEKLANKPGVHIYNLGAGVGNSVLDVVNAFSKACGKPVNYHFAPRREGDLPAYWADASKADRELNWRVTRTLDEMAQDTWHWQSRHPQGYPD,0.1,0.7965,0.7965,0.4763,MRILLTGGLGFLGSHTTVELLKRGHEVVILDNLKFAKESVIPIINELGGKEAKFVKGDVLDKEAVRKILKEYGIEAVVHLAGLSNPEFSRENPELVRRTNVEGLKALVEAAEEAGVRNFLFASTASVFGDNPEVPLRVDMPPGEPPTPYGQSKLENEEYLRRLHEENPHWSIVLARFFNVAGAHPSGKLGEDPKGEPEYLPVRIAEVILGKRKEVPIPGADLPTPDGTVERDYIHAVDVAEAVATMLEKTAGKPGVHEVNVGSGKAYSDLEVIDAFSKAAGKKIPYRFTERKEGLRPRYYADTSKAKEELGWEAKRTLDEIAENTIKYYKANPDGYPE,3
28,1A9Z,./pdb/1A9Z.pdb,1.5237,[],['A'],v_48_020,MRVLVTGGSGYIGSHTCVQLLQNGHDVIILDNLCNSKRSVLPVIERLGGKHPTFVEGDIRNEALMTEILHDHAIDTVIHFAGLKAVGESVQKPLEYYDNNVNGTLRLISAMRAANVKNFIFSSAATVYGDNPKIPYVESFPTGTPQSPFGKSKLMVEQILTDLQKAQPDWSIALLRYFNPVGAHPSGDMGEDPQGIPNNLMPYIAQVAVGRRDSLAIFGNDYPTEDGTGVRDYIHVMDLADGHVVAMEKLANKPGVHIYNLGAGVGNSVLDVVNAFSKACGKPVNYHFAPRREGDLPAYWADASKADRELNWRVTRTLDEMAQDTWHWQSRHPQGYPD,0.1,0.7821,0.7821,0.4763,MKILVTGGLGYIGSFTTIELLKAGHEVVVLDNLKYSSLSKLPIIEKLGGKKAKFIEGDVLDEEKVTKILKEYNIDLVIHLAGLTNRELSRKEPELYYKTNVEGTKALVEAAKKAGVKNFIFASTDSVFGDNKKVPLSEEMPPGEPPTPYGRSKLEVEEYLRKLVEENPDWTVVLARFGNIAGAHPSGTLGEDPKGEPENLHPRILEVILGKREVVEIPGADYPTPDGTVRRDYLHVEDVAKAIVVLAEKTKGVPGVHTVNVGSGKAFSDNEVIDAFSKASGKKVPYRYVPKKEGLRPEFTLDTSYLEEKYGWRPEKSLEEIAENSVKYYKNNPDGYKE,0
29,1A9Z,./pdb/1A9Z.pdb,1.5237,[],['A'],v_48_020,MRVLVTGGSGYIGSHTCVQLLQNGHDVIILDNLCNSKRSVLPVIERLGGKHPTFVEGDIRNEALMTEILHDHAIDTVIHFAGLKAVGESVQKPLEYYDNNVNGTLRLISAMRAANVKNFIFSSAATVYGDNPKIPYVESFPTGTPQSPFGKSKLMVEQILTDLQKAQPDWSIALLRYFNPVGAHPSGDMGEDPQGIPNNLMPYIAQVAVGRRDSLAIFGNDYPTEDGTGVRDYIHVMDLADGHVVAMEKLANKPGVHIYNLGAGVGNSVLDVVNAFSKACGKPVNYHFAPRREGDLPAYWADASKADRELNWRVTRTLDEMAQDTWHWQSRHPQGYPD,0.1,0.7724,0.7724,0.4822,MKILLTGGLGYIGSFTTIELLKRGHEVVILDNLKYSRLSKLPLIEKLGGKKATFIQGDILDKEKMTEILKKYDIDFVIHLAGLRDREYSRENPEEVWRTNVEGTKALVEAAKEAGVKNFLFASTSDVFGNHKETPLTEDMPLGEPLDPYGQSKLEVELYLRELVKENPDWTVVLARFANVAGAHPSGELGEDPKGEPRYLIPRIADVLLGKREEVVIPGADFPTEDGTRARDYIHVMDVAEAIVTLIEKTSGVPGLHVVNIGSGKSYTDLEVIEAFSKASGKKVPYRFGEREEGLLPEWTLDTSYLKEKYGWEPKHSLEEIAKDTIAYYTKNPDGYPE,1
30,1A9Z,./pdb/1A9Z.pdb,1.5237,[],['A'],v_48_020,MRVLVTGGSGYIGSHTCVQLLQNGHDVIILDNLCNSKRSVLPVIERLGGKHPTFVEGDIRNEALMTEILHDHAIDTVIHFAGLKAVGESVQKPLEYYDNNVNGTLRLISAMRAANVKNFIFSSAATVYGDNPKIPYVESFPTGTPQSPFGKSKLMVEQILTDLQKAQPDWSIALLRYFNPVGAHPSGDMGEDPQGIPNNLMPYIAQVAVGRRDSLAIFGNDYPTEDGTGVRDYIHVMDLADGHVVAMEKLANKPGVHIYNLGAGVGNSVLDVVNAFSKACGKPVNYHFAPRREGDLPAYWADASKADRELNWRVTRTLDEMAQDTWHWQSRHPQGYPD,0.1,0.7974,0.7974,0.4734,MRILVTGGLGFIGSHTTIELLKRGHEVVVLDNLSYSRESVLPLIEKLGGKKAEFVRGDVLDKELVTRILKEHQIEAVIHLAGLTNREFSRKNPELVWKTNVEGTKALVEAAKEAGVRDFLFASTDSVFGDNPEVPLRVDMPLGEPKTPYGQAKVEVEEYLRELAKENPDWTIVLARFANVAGAHPSGLLGYDPRGEPEFLPPRIADVALGKRDVVDIPGADLPTPDGTRARDYLHVMDVADAIVTLVEKTRGVPGVHEVNVGSGKAHSDLEVIAAFSRASGRPIPYRHVPRRPGERPRWYMDTSYLKETYGWEPTTSLDEIAENLMRYYEANPEGYPE,2
31,1A9Z,./pdb/1A9Z.pdb,1.5237,[],['A'],v_48_020,MRVLVTGGSGYIGSHTCVQLLQNGHDVIILDNLCNSKRSVLPVIERLGGKHPTFVEGDIRNEALMTEILHDHAIDTVIHFAGLKAVGESVQKPLEYYDNNVNGTLRLISAMRAANVKNFIFSSAATVYGDNPKIPYVESFPTGTPQSPFGKSKLMVEQILTDLQKAQPDWSIALLRYFNPVGAHPSGDMGEDPQGIPNNLMPYIAQVAVGRRDSLAIFGNDYPTEDGTGVRDYIHVMDLADGHVVAMEKLANKPGVHIYNLGAGVGNSVLDVVNAFSKACGKPVNYHFAPRREGDLPAYWADASKADRELNWRVTRTLDEMAQDTWHWQSRHPQGYPD,0.1,0.7693,0.7693,0.4675,MRILLTGGLGFIGSFTAVELLKRGHEVVILDNLKFSSKAVIPLIEELGGKKAEFIEGDILDEELVEKILKEYNIEAVIHLAGITDPEFSRENPELVRKTNVDGTKALVKAAKKAGVKDFLFTSTAGVFGDNEKVPLTEDMPLGEPPTPYYRSKVEVENFLRELVKENPDWTVVLARLANVIGAHPSGKLGEDPKGEPRYLAPRIMDVILGKREKVVIPGKDLPTPDGTREFDPIHVTDVAKAFVTMLEKLKGKPGVHVYNIGSGKAHSDLEIIDAFSKASGKKVPYEYGPLEPGLRPRWYMDTSKLEEELGWKPETTLEEMAENSVKYYKNNPDGFPE,3
32,1ABQ,./pdb/1ABQ.pdb,1.7271,[],['A'],v_48_020,LFVALYDFVASGDNTLSITKGEKLRVLGYNHNGEWCEAQTKNGQGWVPSNYITPVN,0.1,0.8882,0.8882,0.4286,MAVALRDFEARGGGELSIRKGERLEILGEDPDGRWLLVRTERGEGWVPADWVSREP,0
33,1ABQ,./pdb/1ABQ.pdb,1.7271,[],['A'],v_48_020,LFVALYDFVASGDNTLSITKGEKLRVLGYNHNGEWCEAQTKNGQGWVPSNYITPVN,0.1,0.9564,0.9564,0.4286,MAVALKDFKAEGNGELSLKKGEEVEILGKNEDGTKYLVKTEKGEGWVPADYISFEP,1
34,1ABQ,./pdb/1ABQ.pdb,1.7271,[],['A'],v_48_020,LFVALYDFVASGDNTLSITKGEKLRVLGYNHNGEWCEAQTKNGQGWVPSNYITPVN,0.1,1.0159,1.0159,0.5000,MAVALKDFKARGGGELSIKKGEKVEVLGSSPDGTWKLVKTEKGTGWVPSEYISDEP,2
35,1ABQ,./pdb/1ABQ.pdb,1.7271,[],['A'],v_48_020,LFVALYDFVASGDNTLSITKGEKLRVLGYNHNGEWCEAQTKNGQGWVPSNYITPVN,0.1,0.9172,0.9172,0.4821,MAVALKDFKAEGGGMLSLKKGEKVEILGYDKDGKWKLVKTEKGEGWVPSDYISEES,3
36,1AEP,./pdb/1AEP.pdb,1.9337,[],['A'],v_48_020,NIAEAVQQLNHTIVNAAHELHETLGLPTPDEALNLLTEQANAFKTKIAEVTTSLKQEAEKHQGSVAEQLNAFARNLNNSIHDAATSLNLQDQLNSLQSALTNVGHQWQDIATKTQASAQEAWAPVQSALQEAAEKTKEAAANLQNSIQSAVQK,0.1,0.8453,0.8453,0.3268,MLKEAVERLEKAVRETIKKIEKLKELPTEEEALKLLKEIAEELKKKVLEVAEKLEEEAEKLEGEVAEFVREFAKKLREAVEDVGEEENLEELIKKTKEALEKIAELVRELAERVEKDEEESFKPVEEALKEAVEELKEAVEEAKKKIEEALKK,0
37,1AEP,./pdb/1AEP.pdb,1.9337,[],['A'],v_48_020,NIAEAVQQLNHTIVNAAHELHETLGLPTPDEALNLLTEQANAFKTKIAEVTTSLKQEAEKHQGSVAEQLNAFARNLNNSIHDAATSLNLQDQLNSLQSALTNVGHQWQDIATKTQASAQEAWAPVQSALQEAAEKTKEAAANLQNSIQSAVQK,0.1,0.8460,0.8460,0.3137,SIKEKAEELKEVAEETIREVEKLRELPTEEEALKLLKEIAEEVKEEIKKVAEELKEEAKKLEGEVAEELREFAEELEKAVEDVGTAETLEELIEEFKEAVEKVKELVEKLAKKIEEDEEKRFEPVREAIERAIEKIKEAFERAKRRIEEALEE,1
38,1AEP,./pdb/1AEP.pdb,1.9337,[],['A'],v_48_020,NIAEAVQQLNHTIVNAAHELHETLGLPTPDEALNLLTEQANAFKTKIAEVTTSLKQEAEKHQGSVAEQLNAFARNLNNSIHDAATSLNLQDQLNSLQSALTNVGHQWQDIATKTQASAQEAWAPVQSALQEAAEKTKEAAANLQNSIQSAVQK,0.1,0.8876,0.8876,0.3268,MLKEEAEKLKKTIKETIEAIEKLRELETEEEALELLKELAEEFKRKVLEVAERLKKEAEKLEGEVAEFLKKFAEELEKAVEDVGEAEDLEGLKEQFKEALEKVAKLVEELAEKAEKDEDKSFEPVREALIKAVEELTKAAKEVLEKIKEALEK,2
39,1AEP,./pdb/1AEP.pdb,1.9337,[],['A'],v_48_020,NIAEAVQQLNHTIVNAAHELHETLGLPTPDEALNLLTEQANAFKTKIAEVTTSLKQEAEKHQGSVAEQLNAFARNLNNSIHDAATSLNLQDQLNSLQSALTNVGHQWQDIATKTQASAQEAWAPVQSALQEAAEKTKEAAANLQNSIQSAVQK,0.1,0.8880,0.8880,0.2876,SLAEKVEELERAAEETIEAIERLRELPTEEEALKLLKEIAEEFRREVEEVARRLEEAAERLEGPVAERVREFAERLREAVRDVGQAEDLEGLIEQFRRALRDVAALARELAAEVAADEEGGFAPVRPELERAVEELTRAVERARERIEEALRK,3
