PDB_id,Protein_family,taxonomic_division
5FAI,"Class IV-like SAM-binding methyltransferase superfamily, RNA methyltransferase NEP1 family",archaea
7MQ8,"Class IV-like SAM-binding methyltransferase superfamily, RNA methyltransferase NEP1 family",archaea
7MQ9,"Class IV-like SAM-binding methyltransferase superfamily, RNA methyltransferase NEP1 family",archaea
7MQA,"Class IV-like SAM-binding methyltransferase superfamily, RNA methyltransferase NEP1 family",archaea
6GWJ,KAE1 / TsaD family,archaea
3HL2,SepSecS family,archaea
4ZDL,SepSecS family,archaea
4ZDO,SepSecS family,archaea
4ZDP,SepSecS family,archaea
7L1T,SepSecS family,archaea
6NR8,Prefoldin subunit alpha family,archaea
6NR9,Prefoldin subunit alpha family,archaea
6NRB,Prefoldin subunit alpha family,archaea
6NRC,Prefoldin subunit alpha family,archaea
6NRD,Prefoldin subunit alpha family,archaea
1BS0,"Class-II pyridoxal-phosphate-dependent aminotransferase family, BioF subfamily",archaea
1DJ9,"Class-II pyridoxal-phosphate-dependent aminotransferase family, BioF subfamily",archaea
1DJE,"Class-II pyridoxal-phosphate-dependent aminotransferase family, BioF subfamily",archaea
2G6W,"Class-II pyridoxal-phosphate-dependent aminotransferase family, BioF subfamily",archaea
3T88,"Enoyl-CoA hydratase/isomerase family, MenB subfamily",archaea
3T89,"Enoyl-CoA hydratase/isomerase family, MenB subfamily",archaea
4ELS,"Enoyl-CoA hydratase/isomerase family, MenB subfamily",archaea
4ELW,"Enoyl-CoA hydratase/isomerase family, MenB subfamily",archaea
4ELX,"Enoyl-CoA hydratase/isomerase family, MenB subfamily",archaea
4I42,"Enoyl-CoA hydratase/isomerase family, MenB subfamily",archaea
2OAU,MscS (TC 1.A.23) family,archaea
2VV5,MscS (TC 1.A.23) family,archaea
3UDC,MscS (TC 1.A.23) family,archaea
4AGE,MscS (TC 1.A.23) family,archaea
4AGF,MscS (TC 1.A.23) family,archaea
4HWA,MscS (TC 1.A.23) family,archaea
5AJI,MscS (TC 1.A.23) family,archaea
6PWN,MscS (TC 1.A.23) family,archaea
6PWO,MscS (TC 1.A.23) family,archaea
6PWP,MscS (TC 1.A.23) family,archaea
6RLD,MscS (TC 1.A.23) family,archaea
6UZH,MscS (TC 1.A.23) family,archaea
6VYK,MscS (TC 1.A.23) family,archaea
6VYL,MscS (TC 1.A.23) family,archaea
6VYM,MscS (TC 1.A.23) family,archaea
7ONL,MscS (TC 1.A.23) family,archaea
7OO0,MscS (TC 1.A.23) family,archaea
7OO6,MscS (TC 1.A.23) family,archaea
7RAZ,MscS (TC 1.A.23) family,archaea
1QMH,"RNA 3'-terminal cyclase family, Type 1 subfamily",archaea
1QMI,"RNA 3'-terminal cyclase family, Type 1 subfamily",archaea
3KGD,"RNA 3'-terminal cyclase family, Type 1 subfamily",archaea
3TUT,"RNA 3'-terminal cyclase family, Type 1 subfamily",archaea
3TUX,"RNA 3'-terminal cyclase family, Type 1 subfamily",archaea
3TV1,"RNA 3'-terminal cyclase family, Type 1 subfamily",archaea
3TW3,"RNA 3'-terminal cyclase family, Type 1 subfamily",archaea
3IE4,"Insect beta-1,3-glucan binding protein family",bacteria
1B0F,"Peptidase S1 family, Elastase subfamily",bacteria
1H1B,"Peptidase S1 family, Elastase subfamily",bacteria
1HNE,"Peptidase S1 family, Elastase subfamily",bacteria
1PPF,"Peptidase S1 family, Elastase subfamily",bacteria
1PPG,"Peptidase S1 family, Elastase subfamily",bacteria
2RG3,"Peptidase S1 family, Elastase subfamily",bacteria
2Z7F,"Peptidase S1 family, Elastase subfamily",bacteria
3Q76,"Peptidase S1 family, Elastase subfamily",bacteria
3Q77,"Peptidase S1 family, Elastase subfamily",bacteria
4NZL,"Peptidase S1 family, Elastase subfamily",bacteria
4WVP,"Peptidase S1 family, Elastase subfamily",bacteria
5A09,"Peptidase S1 family, Elastase subfamily",bacteria
5A0A,"Peptidase S1 family, Elastase subfamily",bacteria
5A0B,"Peptidase S1 family, Elastase subfamily",bacteria
5A0C,"Peptidase S1 family, Elastase subfamily",bacteria
5A8X,"Peptidase S1 family, Elastase subfamily",bacteria
5A8Y,"Peptidase S1 family, Elastase subfamily",bacteria
5A8Z,"Peptidase S1 family, Elastase subfamily",bacteria
5ABW,"Peptidase S1 family, Elastase subfamily",bacteria
6E69,"Peptidase S1 family, Elastase subfamily",bacteria
6F5M,"Peptidase S1 family, Elastase subfamily",bacteria
6SMA,"Peptidase S1 family, Elastase subfamily",bacteria
7CBK,"Peptidase S1 family, Elastase subfamily",bacteria
7WHU,"Peptidase S1 family, Elastase subfamily",bacteria
2J28,Universal ribosomal protein uL4 family,bacteria
2RDO,Universal ribosomal protein uL4 family,bacteria
3BBX,Universal ribosomal protein uL4 family,bacteria
3J5L,Universal ribosomal protein uL4 family,bacteria
3J7Z,Universal ribosomal protein uL4 family,bacteria
3J8G,Universal ribosomal protein uL4 family,bacteria
3J9Y,Universal ribosomal protein uL4 family,bacteria
3J9Z,Universal ribosomal protein uL4 family,bacteria
3JA1,Universal ribosomal protein uL4 family,bacteria
3JBU,Universal ribosomal protein uL4 family,bacteria
3JBV,Universal ribosomal protein uL4 family,bacteria
3JCD,Universal ribosomal protein uL4 family,bacteria
3JCE,Universal ribosomal protein uL4 family,bacteria
3JCJ,Universal ribosomal protein uL4 family,bacteria
3JCN,Universal ribosomal protein uL4 family,bacteria
4CSU,Universal ribosomal protein uL4 family,bacteria
4U1U,Universal ribosomal protein uL4 family,bacteria
4U1V,Universal ribosomal protein uL4 family,bacteria
4U20,Universal ribosomal protein uL4 family,bacteria
4U24,Universal ribosomal protein uL4 family,bacteria
4U25,Universal ribosomal protein uL4 family,bacteria
4U26,Universal ribosomal protein uL4 family,bacteria
4U27,Universal ribosomal protein uL4 family,bacteria
4UY8,Universal ribosomal protein uL4 family,bacteria
4V47,Universal ribosomal protein uL4 family,bacteria
4V48,Universal ribosomal protein uL4 family,bacteria
4V4H,Universal ribosomal protein uL4 family,bacteria
4V4Q,Universal ribosomal protein uL4 family,bacteria
4V4V,Universal ribosomal protein uL4 family,bacteria
4V4W,Universal ribosomal protein uL4 family,bacteria
4V50,Universal ribosomal protein uL4 family,bacteria
4V52,Universal ribosomal protein uL4 family,bacteria
4V53,Universal ribosomal protein uL4 family,bacteria
4V54,Universal ribosomal protein uL4 family,bacteria
4V55,Universal ribosomal protein uL4 family,bacteria
4V56,Universal ribosomal protein uL4 family,bacteria
4V57,Universal ribosomal protein uL4 family,bacteria
4V5B,Universal ribosomal protein uL4 family,bacteria
4V5H,Universal ribosomal protein uL4 family,bacteria
4V5Y,Universal ribosomal protein uL4 family,bacteria
4V64,Universal ribosomal protein uL4 family,bacteria
4V65,Universal ribosomal protein uL4 family,bacteria
4V66,Universal ribosomal protein uL4 family,bacteria
4V69,Universal ribosomal protein uL4 family,bacteria
4V6C,Universal ribosomal protein uL4 family,bacteria
4V6D,Universal ribosomal protein uL4 family,bacteria
4V6E,Universal ribosomal protein uL4 family,bacteria
4V6K,Universal ribosomal protein uL4 family,bacteria
4V6L,Universal ribosomal protein uL4 family,bacteria
4V6M,Universal ribosomal protein uL4 family,bacteria
4V6N,Universal ribosomal protein uL4 family,bacteria
4V6O,Universal ribosomal protein uL4 family,bacteria
4V6P,Universal ribosomal protein uL4 family,bacteria
4V6Q,Universal ribosomal protein uL4 family,bacteria
4V6R,Universal ribosomal protein uL4 family,bacteria
4V6S,Universal ribosomal protein uL4 family,bacteria
4V6T,Universal ribosomal protein uL4 family,bacteria
4V6V,Universal ribosomal protein uL4 family,bacteria
4V6Y,Universal ribosomal protein uL4 family,bacteria
4V6Z,Universal ribosomal protein uL4 family,bacteria
4V70,Universal ribosomal protein uL4 family,bacteria
4V71,Universal ribosomal protein uL4 family,bacteria
4V72,Universal ribosomal protein uL4 family,bacteria
4V73,Universal ribosomal protein uL4 family,bacteria
4V74,Universal ribosomal protein uL4 family,bacteria
4V75,Universal ribosomal protein uL4 family,bacteria
4V76,Universal ribosomal protein uL4 family,bacteria
4V77,Universal ribosomal protein uL4 family,bacteria
4V78,Universal ribosomal protein uL4 family,bacteria
4V79,Universal ribosomal protein uL4 family,bacteria
4V7A,Universal ribosomal protein uL4 family,bacteria
4V7B,Universal ribosomal protein uL4 family,bacteria
4V7C,Universal ribosomal protein uL4 family,bacteria
4V7D,Universal ribosomal protein uL4 family,bacteria
4V7I,Universal ribosomal protein uL4 family,bacteria
4V7S,Universal ribosomal protein uL4 family,bacteria
4V7T,Universal ribosomal protein uL4 family,bacteria
4V7U,Universal ribosomal protein uL4 family,bacteria
4V7V,Universal ribosomal protein uL4 family,bacteria
4V85,Universal ribosomal protein uL4 family,bacteria
4V89,Universal ribosomal protein uL4 family,bacteria
4V9C,Universal ribosomal protein uL4 family,bacteria
4V9D,Universal ribosomal protein uL4 family,bacteria
4V9O,Universal ribosomal protein uL4 family,bacteria
4V9P,Universal ribosomal protein uL4 family,bacteria
4WF1,Universal ribosomal protein uL4 family,bacteria
4WOI,Universal ribosomal protein uL4 family,bacteria
4WWW,Universal ribosomal protein uL4 family,bacteria
4YBB,Universal ribosomal protein uL4 family,bacteria
5ADY,Universal ribosomal protein uL4 family,bacteria
5AFI,Universal ribosomal protein uL4 family,bacteria
5AKA,Universal ribosomal protein uL4 family,bacteria
5GAD,Universal ribosomal protein uL4 family,bacteria
5GAE,Universal ribosomal protein uL4 family,bacteria
5GAF,Universal ribosomal protein uL4 family,bacteria
5GAG,Universal ribosomal protein uL4 family,bacteria
5GAH,Universal ribosomal protein uL4 family,bacteria
5H5U,Universal ribosomal protein uL4 family,bacteria
5IQR,Universal ribosomal protein uL4 family,bacteria
5IT8,Universal ribosomal protein uL4 family,bacteria
5J5B,Universal ribosomal protein uL4 family,bacteria
5J7L,Universal ribosomal protein uL4 family,bacteria
5J88,Universal ribosomal protein uL4 family,bacteria
5J8A,Universal ribosomal protein uL4 family,bacteria
5J91,Universal ribosomal protein uL4 family,bacteria
5JC9,Universal ribosomal protein uL4 family,bacteria
5JTE,Universal ribosomal protein uL4 family,bacteria
5JU8,Universal ribosomal protein uL4 family,bacteria
5KCR,Universal ribosomal protein uL4 family,bacteria
5KCS,Universal ribosomal protein uL4 family,bacteria
5KPS,Universal ribosomal protein uL4 family,bacteria
5KPV,Universal ribosomal protein uL4 family,bacteria
5KPW,Universal ribosomal protein uL4 family,bacteria
5KPX,Universal ribosomal protein uL4 family,bacteria
5L3P,Universal ribosomal protein uL4 family,bacteria
5LZA,Universal ribosomal protein uL4 family,bacteria
5LZB,Universal ribosomal protein uL4 family,bacteria
5LZC,Universal ribosomal protein uL4 family,bacteria
5LZD,Universal ribosomal protein uL4 family,bacteria
5LZE,Universal ribosomal protein uL4 family,bacteria
5LZF,Universal ribosomal protein uL4 family,bacteria
5MDV,Universal ribosomal protein uL4 family,bacteria
5MDW,Universal ribosomal protein uL4 family,bacteria
5MDY,Universal ribosomal protein uL4 family,bacteria
5MDZ,Universal ribosomal protein uL4 family,bacteria
5MGP,Universal ribosomal protein uL4 family,bacteria
5NCO,Universal ribosomal protein uL4 family,bacteria
5NP6,Universal ribosomal protein uL4 family,bacteria
5NWY,Universal ribosomal protein uL4 family,bacteria
5O2R,Universal ribosomal protein uL4 family,bacteria
5U4I,Universal ribosomal protein uL4 family,bacteria
5U9F,Universal ribosomal protein uL4 family,bacteria
5U9G,Universal ribosomal protein uL4 family,bacteria
5UYK,Universal ribosomal protein uL4 family,bacteria
5UYL,Universal ribosomal protein uL4 family,bacteria
5UYM,Universal ribosomal protein uL4 family,bacteria
5UYN,Universal ribosomal protein uL4 family,bacteria
5UYP,Universal ribosomal protein uL4 family,bacteria
5UYQ,Universal ribosomal protein uL4 family,bacteria
5WDT,Universal ribosomal protein uL4 family,bacteria
5WE4,Universal ribosomal protein uL4 family,bacteria
5WE6,Universal ribosomal protein uL4 family,bacteria
5WFK,Universal ribosomal protein uL4 family,bacteria
6BU8,Universal ribosomal protein uL4 family,bacteria
6BY1,Universal ribosomal protein uL4 family,bacteria
6C4I,Universal ribosomal protein uL4 family,bacteria
6ENF,Universal ribosomal protein uL4 family,bacteria
6ENJ,Universal ribosomal protein uL4 family,bacteria
6ENU,Universal ribosomal protein uL4 family,bacteria
6GBZ,Universal ribosomal protein uL4 family,bacteria
6GC0,Universal ribosomal protein uL4 family,bacteria
6GC4,Universal ribosomal protein uL4 family,bacteria
6GC6,Universal ribosomal protein uL4 family,bacteria
6GC7,Universal ribosomal protein uL4 family,bacteria
6GC8,Universal ribosomal protein uL4 family,bacteria
6GWT,Universal ribosomal protein uL4 family,bacteria
6GXM,Universal ribosomal protein uL4 family,bacteria
6GXN,Universal ribosomal protein uL4 family,bacteria
6GXO,Universal ribosomal protein uL4 family,bacteria
6GXP,Universal ribosomal protein uL4 family,bacteria
6H4N,Universal ribosomal protein uL4 family,bacteria
6H58,Universal ribosomal protein uL4 family,bacteria
6HRM,Universal ribosomal protein uL4 family,bacteria
6I0Y,Universal ribosomal protein uL4 family,bacteria
6I7V,Universal ribosomal protein uL4 family,bacteria
6O9J,Universal ribosomal protein uL4 family,bacteria
6O9K,Universal ribosomal protein uL4 family,bacteria
6OFX,Universal ribosomal protein uL4 family,bacteria
6OG7,Universal ribosomal protein uL4 family,bacteria
6ORE,Universal ribosomal protein uL4 family,bacteria
6ORL,Universal ribosomal protein uL4 family,bacteria
6OST,Universal ribosomal protein uL4 family,bacteria
6OT3,Universal ribosomal protein uL4 family,bacteria
6OUO,Universal ribosomal protein uL4 family,bacteria
6PC5,Universal ribosomal protein uL4 family,bacteria
6PC6,Universal ribosomal protein uL4 family,bacteria
6PC7,Universal ribosomal protein uL4 family,bacteria
6PC8,Universal ribosomal protein uL4 family,bacteria
6PCH,Universal ribosomal protein uL4 family,bacteria
6PCQ,Universal ribosomal protein uL4 family,bacteria
6PCR,Universal ribosomal protein uL4 family,bacteria
6PCS,Universal ribosomal protein uL4 family,bacteria
6PCT,Universal ribosomal protein uL4 family,bacteria
6Q97,Universal ribosomal protein uL4 family,bacteria
6Q98,Universal ribosomal protein uL4 family,bacteria
6Q9A,Universal ribosomal protein uL4 family,bacteria
6QDW,Universal ribosomal protein uL4 family,bacteria
6QUL,Universal ribosomal protein uL4 family,bacteria
6S0K,Universal ribosomal protein uL4 family,bacteria
6SZS,Universal ribosomal protein uL4 family,bacteria
6TBV,Universal ribosomal protein uL4 family,bacteria
6TC3,Universal ribosomal protein uL4 family,bacteria
6VWL,Universal ribosomal protein uL4 family,bacteria
6VWM,Universal ribosomal protein uL4 family,bacteria
6VWN,Universal ribosomal protein uL4 family,bacteria
6WD6,Universal ribosomal protein uL4 family,bacteria
6WDB,Universal ribosomal protein uL4 family,bacteria
6WDC,Universal ribosomal protein uL4 family,bacteria
6WDD,Universal ribosomal protein uL4 family,bacteria
6WDE,Universal ribosomal protein uL4 family,bacteria
6WDF,Universal ribosomal protein uL4 family,bacteria
6WDG,Universal ribosomal protein uL4 family,bacteria
6WDH,Universal ribosomal protein uL4 family,bacteria
6WDI,Universal ribosomal protein uL4 family,bacteria
6WDJ,Universal ribosomal protein uL4 family,bacteria
6WDK,Universal ribosomal protein uL4 family,bacteria
6WDL,Universal ribosomal protein uL4 family,bacteria
6WDM,Universal ribosomal protein uL4 family,bacteria
6WNT,Universal ribosomal protein uL4 family,bacteria
6WNV,Universal ribosomal protein uL4 family,bacteria
6WNW,Universal ribosomal protein uL4 family,bacteria
6WYV,Universal ribosomal protein uL4 family,bacteria
6XZ7,Universal ribosomal protein uL4 family,bacteria
6XZA,Universal ribosomal protein uL4 family,bacteria
6XZB,Universal ribosomal protein uL4 family,bacteria
6Y69,Universal ribosomal protein uL4 family,bacteria
6YS3,Universal ribosomal protein uL4 family,bacteria
6YSR,Universal ribosomal protein uL4 family,bacteria
6YSS,Universal ribosomal protein uL4 family,bacteria
6YST,Universal ribosomal protein uL4 family,bacteria
6YSU,Universal ribosomal protein uL4 family,bacteria
6ZTJ,Universal ribosomal protein uL4 family,bacteria
6ZTL,Universal ribosomal protein uL4 family,bacteria
6ZTM,Universal ribosomal protein uL4 family,bacteria
6ZTN,Universal ribosomal protein uL4 family,bacteria
6ZTO,Universal ribosomal protein uL4 family,bacteria
6ZTP,Universal ribosomal protein uL4 family,bacteria
6ZU1,Universal ribosomal protein uL4 family,bacteria
7ABZ,Universal ribosomal protein uL4 family,bacteria
7AC7,Universal ribosomal protein uL4 family,bacteria
7ACJ,Universal ribosomal protein uL4 family,bacteria
7ACR,Universal ribosomal protein uL4 family,bacteria
7B5K,Universal ribosomal protein uL4 family,bacteria
7BL2,Universal ribosomal protein uL4 family,bacteria
7BL3,Universal ribosomal protein uL4 family,bacteria
7BL4,Universal ribosomal protein uL4 family,bacteria
7BL5,Universal ribosomal protein uL4 family,bacteria
7BL6,Universal ribosomal protein uL4 family,bacteria
7BV8,Universal ribosomal protein uL4 family,bacteria
7D6Z,Universal ribosomal protein uL4 family,bacteria
7D80,Universal ribosomal protein uL4 family,bacteria
7JSS,Universal ribosomal protein uL4 family,bacteria
7JSW,Universal ribosomal protein uL4 family,bacteria
7JSZ,Universal ribosomal protein uL4 family,bacteria
7JT1,Universal ribosomal protein uL4 family,bacteria
7JT2,Universal ribosomal protein uL4 family,bacteria
7JT3,Universal ribosomal protein uL4 family,bacteria
7K50,Universal ribosomal protein uL4 family,bacteria
7K51,Universal ribosomal protein uL4 family,bacteria
7K52,Universal ribosomal protein uL4 family,bacteria
7K53,Universal ribosomal protein uL4 family,bacteria
7K54,Universal ribosomal protein uL4 family,bacteria
7K55,Universal ribosomal protein uL4 family,bacteria
7LV0,Universal ribosomal protein uL4 family,bacteria
7N1P,Universal ribosomal protein uL4 family,bacteria
7N2C,Universal ribosomal protein uL4 family,bacteria
7N2U,Universal ribosomal protein uL4 family,bacteria
7N2V,Universal ribosomal protein uL4 family,bacteria
7N30,Universal ribosomal protein uL4 family,bacteria
7N31,Universal ribosomal protein uL4 family,bacteria
7NBU,Universal ribosomal protein uL4 family,bacteria
7NSO,Universal ribosomal protein uL4 family,bacteria
7NSP,Universal ribosomal protein uL4 family,bacteria
7NSQ,Universal ribosomal protein uL4 family,bacteria
7NWT,Universal ribosomal protein uL4 family,bacteria
7NWW,Universal ribosomal protein uL4 family,bacteria
7O19,Universal ribosomal protein uL4 family,bacteria
7O1A,Universal ribosomal protein uL4 family,bacteria
7O1C,Universal ribosomal protein uL4 family,bacteria
7ODE,Universal ribosomal protein uL4 family,bacteria
7OIF,Universal ribosomal protein uL4 family,bacteria
7OIG,Universal ribosomal protein uL4 family,bacteria
7OII,Universal ribosomal protein uL4 family,bacteria
7OIZ,Universal ribosomal protein uL4 family,bacteria
7OJ0,Universal ribosomal protein uL4 family,bacteria
7OT5,Universal ribosomal protein uL4 family,bacteria
7P3K,Universal ribosomal protein uL4 family,bacteria
7PJS,Universal ribosomal protein uL4 family,bacteria
7PJT,Universal ribosomal protein uL4 family,bacteria
7PJV,Universal ribosomal protein uL4 family,bacteria
7PJW,Universal ribosomal protein uL4 family,bacteria
7PJX,Universal ribosomal protein uL4 family,bacteria
7PJY,Universal ribosomal protein uL4 family,bacteria
7PJZ,Universal ribosomal protein uL4 family,bacteria
7QG8,Universal ribosomal protein uL4 family,bacteria
7QGH,Universal ribosomal protein uL4 family,bacteria
7QGN,Universal ribosomal protein uL4 family,bacteria
7QGR,Universal ribosomal protein uL4 family,bacteria
7SS9,Universal ribosomal protein uL4 family,bacteria
7SSD,Universal ribosomal protein uL4 family,bacteria
7SSL,Universal ribosomal protein uL4 family,bacteria
7SSN,Universal ribosomal protein uL4 family,bacteria
7SSO,Universal ribosomal protein uL4 family,bacteria
7SSW,Universal ribosomal protein uL4 family,bacteria
7ST2,Universal ribosomal protein uL4 family,bacteria
7ST6,Universal ribosomal protein uL4 family,bacteria
7ST7,Universal ribosomal protein uL4 family,bacteria
7Z20,Universal ribosomal protein uL4 family,bacteria
7ZOD,Universal ribosomal protein uL4 family,bacteria
7ZP8,Universal ribosomal protein uL4 family,bacteria
7ZQ5,Universal ribosomal protein uL4 family,bacteria
7ZQ6,Universal ribosomal protein uL4 family,bacteria
4ZCI,"TRAFAC class translation factor GTPase superfamily, Classic translation factor GTPase family, BipA subfamily",bacteria
4ZCK,"TRAFAC class translation factor GTPase superfamily, Classic translation factor GTPase family, BipA subfamily",bacteria
4ZCL,"TRAFAC class translation factor GTPase superfamily, Classic translation factor GTPase family, BipA subfamily",bacteria
4ZCM,"TRAFAC class translation factor GTPase superfamily, Classic translation factor GTPase family, BipA subfamily",bacteria
5A9V,"TRAFAC class translation factor GTPase superfamily, Classic translation factor GTPase family, BipA subfamily",bacteria
5A9W,"TRAFAC class translation factor GTPase superfamily, Classic translation factor GTPase family, BipA subfamily",bacteria
5A9X,"TRAFAC class translation factor GTPase superfamily, Classic translation factor GTPase family, BipA subfamily",bacteria
5A9Y,"TRAFAC class translation factor GTPase superfamily, Classic translation factor GTPase family, BipA subfamily",bacteria
5A9Z,"TRAFAC class translation factor GTPase superfamily, Classic translation factor GTPase family, BipA subfamily",bacteria
5AA0,"TRAFAC class translation factor GTPase superfamily, Classic translation factor GTPase family, BipA subfamily",bacteria
4EZR,Drosocin family,bacteria
6Z2P,Drosocin family,bacteria
6Z2Q,Drosocin family,bacteria
1XRI,Protein-tyrosine phosphatase family,fungi
2Q47,Protein-tyrosine phosphatase family,fungi
7MOD,Protein-tyrosine phosphatase family,fungi
7MOE,Protein-tyrosine phosphatase family,fungi
7MOF,Protein-tyrosine phosphatase family,fungi
7MOG,Protein-tyrosine phosphatase family,fungi
7MOH,Protein-tyrosine phosphatase family,fungi
7MOI,Protein-tyrosine phosphatase family,fungi
7MOJ,Protein-tyrosine phosphatase family,fungi
7MOK,Protein-tyrosine phosphatase family,fungi
7MOL,Protein-tyrosine phosphatase family,fungi
7MOM,Protein-tyrosine phosphatase family,fungi
6KBM,"ATG13 family, Fungi subfamily",fungi
6KBN,"ATG13 family, Fungi subfamily",fungi
4YK8,"ATG13 family, Fungi subfamily",fungi
1AKJ,MHC class I family,human
1AO7,MHC class I family,human
1AQD,MHC class I family,human
1B0G,MHC class I family,human
1B0R,MHC class I family,human
1BD2,MHC class I family,human
1DUY,MHC class I family,human
1DUZ,MHC class I family,human
1EEY,MHC class I family,human
1EEZ,MHC class I family,human
1HHG,MHC class I family,human
1HHH,MHC class I family,human
1HHI,MHC class I family,human
1HHJ,MHC class I family,human
1HHK,MHC class I family,human
1HLA,MHC class I family,human
1HSB,MHC class I family,human
1I1F,MHC class I family,human
1I1Y,MHC class I family,human
1I4F,MHC class I family,human
1I7R,MHC class I family,human
1I7T,MHC class I family,human
1I7U,MHC class I family,human
1IM3,MHC class I family,human
1JF1,MHC class I family,human
1JHT,MHC class I family,human
1LP9,MHC class I family,human
1OGA,MHC class I family,human
1P7Q,MHC class I family,human
1Q94,MHC class I family,human
1QEW,MHC class I family,human
1QR1,MHC class I family,human
1QRN,MHC class I family,human
1QSE,MHC class I family,human
1QSF,MHC class I family,human
1QVO,MHC class I family,human
1S8D,MHC class I family,human
1S9W,MHC class I family,human
1S9X,MHC class I family,human
1S9Y,MHC class I family,human
1T1W,MHC class I family,human
1T1X,MHC class I family,human
1T1Y,MHC class I family,human
1T1Z,MHC class I family,human
1T20,MHC class I family,human
1T21,MHC class I family,human
1T22,MHC class I family,human
1TMC,MHC class I family,human
1TVB,MHC class I family,human
1TVH,MHC class I family,human
1W72,MHC class I family,human
1X7Q,MHC class I family,human
2AV1,MHC class I family,human
2AV7,MHC class I family,human
2BCK,MHC class I family,human
2BNQ,MHC class I family,human
2BNR,MHC class I family,human
2C7U,MHC class I family,human
2CLR,MHC class I family,human
2F53,MHC class I family,human
2F54,MHC class I family,human
2GIT,MHC class I family,human
2GJ6,MHC class I family,human
2GT9,MHC class I family,human
2GTW,MHC class I family,human
2GTZ,MHC class I family,human
2GUO,MHC class I family,human
2HLA,MHC class I family,human
2HN7,MHC class I family,human
2J8U,MHC class I family,human
2JCC,MHC class I family,human
2P5E,MHC class I family,human
2P5W,MHC class I family,human
2PYE,MHC class I family,human
2UWE,MHC class I family,human
2V2W,MHC class I family,human
2V2X,MHC class I family,human
2VLJ,MHC class I family,human
2VLK,MHC class I family,human
2VLL,MHC class I family,human
2VLR,MHC class I family,human
2X4N,MHC class I family,human
2X4O,MHC class I family,human
2X4P,MHC class I family,human
2X4Q,MHC class I family,human
2X4R,MHC class I family,human
2X4S,MHC class I family,human
2X4T,MHC class I family,human
2X4U,MHC class I family,human
2X70,MHC class I family,human
2XPG,MHC class I family,human
3BGM,MHC class I family,human
3BH8,MHC class I family,human
3BH9,MHC class I family,human
3BHB,MHC class I family,human
3BO8,MHC class I family,human
3D25,MHC class I family,human
3D39,MHC class I family,human
3D3V,MHC class I family,human
3FQN,MHC class I family,human
3FQR,MHC class I family,human
3FQT,MHC class I family,human
3FQU,MHC class I family,human
3FQW,MHC class I family,human
3FQX,MHC class I family,human
3FT2,MHC class I family,human
3FT3,MHC class I family,human
3FT4,MHC class I family,human
3GIV,MHC class I family,human
3GJF,MHC class I family,human
3GSN,MHC class I family,human
3GSO,MHC class I family,human
3GSQ,MHC class I family,human
3GSR,MHC class I family,human
3GSU,MHC class I family,human
3GSV,MHC class I family,human
3GSW,MHC class I family,human
3GSX,MHC class I family,human
3H7B,MHC class I family,human
3H9H,MHC class I family,human
3H9S,MHC class I family,human
3HAE,MHC class I family,human
3HLA,MHC class I family,human
3HPJ,MHC class I family,human
3I6G,MHC class I family,human
3I6K,MHC class I family,human
3I6L,MHC class I family,human
3IXA,MHC class I family,human
3KLA,MHC class I family,human
3MGO,MHC class I family,human
3MGT,MHC class I family,human
3MR9,MHC class I family,human
3MRB,MHC class I family,human
3MRC,MHC class I family,human
3MRD,MHC class I family,human
3MRE,MHC class I family,human
3MRF,MHC class I family,human
3MRG,MHC class I family,human
3MRH,MHC class I family,human
3MRI,MHC class I family,human
3MRJ,MHC class I family,human
3MRK,MHC class I family,human
3MRL,MHC class I family,human
3MRM,MHC class I family,human
3MRN,MHC class I family,human
3MRO,MHC class I family,human
3MRP,MHC class I family,human
3MRQ,MHC class I family,human
3MRR,MHC class I family,human
3MYJ,MHC class I family,human
3NFN,MHC class I family,human
3O3A,MHC class I family,human
3O3B,MHC class I family,human
3O3D,MHC class I family,human
3O3E,MHC class I family,human
3O4L,MHC class I family,human
3PWJ,MHC class I family,human
3PWL,MHC class I family,human
3PWN,MHC class I family,human
3PWP,MHC class I family,human
3QDG,MHC class I family,human
3QDJ,MHC class I family,human
3QDM,MHC class I family,human
3QEQ,MHC class I family,human
3QFD,MHC class I family,human
3QFJ,MHC class I family,human
3QZW,MHC class I family,human
3REW,MHC class I family,human
3RL1,MHC class I family,human
3RL2,MHC class I family,human
3TO2,MHC class I family,human
3UTQ,MHC class I family,human
3UTS,MHC class I family,human
3UTT,MHC class I family,human
3V5D,MHC class I family,human
3V5H,MHC class I family,human
3V5K,MHC class I family,human
3VXM,MHC class I family,human
3VXN,MHC class I family,human
3VXO,MHC class I family,human
3VXP,MHC class I family,human
3VXR,MHC class I family,human
3VXS,MHC class I family,human
3VXU,MHC class I family,human
3W0W,MHC class I family,human
3WL9,MHC class I family,human
3WLB,MHC class I family,human
4E5X,MHC class I family,human
4EMZ,MHC class I family,human
4EN2,MHC class I family,human
4EUP,MHC class I family,human
4F7M,MHC class I family,human
4F7P,MHC class I family,human
4F7T,MHC class I family,human
4FTV,MHC class I family,human
4GKN,MHC class I family,human
4GKS,MHC class I family,human
4HWZ,MHC class I family,human
4HX1,MHC class I family,human
4I48,MHC class I family,human
4I4W,MHC class I family,human
4JFD,MHC class I family,human
4JFE,MHC class I family,human
4JFF,MHC class I family,human
4JFO,MHC class I family,human
4JFP,MHC class I family,human
4JFQ,MHC class I family,human
4K7F,MHC class I family,human
4L29,MHC class I family,human
4L3C,MHC class I family,human
4L3E,MHC class I family,human
4MJ5,MHC class I family,human
4MJ6,MHC class I family,human
4MNQ,MHC class I family,human
4N8V,MHC class I family,human
4NNX,MHC class I family,human
4NNY,MHC class I family,human
4NO0,MHC class I family,human
4NO2,MHC class I family,human
4NO3,MHC class I family,human
4NO5,MHC class I family,human
4NQV,MHC class I family,human
4NQX,MHC class I family,human
4OV5,MHC class I family,human
4QOK,MHC class I family,human
4U6X,MHC class I family,human
4U6Y,MHC class I family,human
4UQ2,MHC class I family,human
4UQ3,MHC class I family,human
4WJ5,MHC class I family,human
4WU5,MHC class I family,human
4WU7,MHC class I family,human
4WUU,MHC class I family,human
5BRZ,MHC class I family,human
5BS0,MHC class I family,human
5C07,MHC class I family,human
5C08,MHC class I family,human
5C09,MHC class I family,human
5C0A,MHC class I family,human
5C0B,MHC class I family,human
5C0C,MHC class I family,human
5C0D,MHC class I family,human
5C0E,MHC class I family,human
5C0F,MHC class I family,human
5C0G,MHC class I family,human
5C0I,MHC class I family,human
5C0J,MHC class I family,human
5D2L,MHC class I family,human
5D2N,MHC class I family,human
5D9S,MHC class I family,human
5DDH,MHC class I family,human
5E00,MHC class I family,human
5E6I,MHC class I family,human
5E9D,MHC class I family,human
5ENW,MHC class I family,human
5EOT,MHC class I family,human
5EU3,MHC class I family,human
5EU4,MHC class I family,human
5EU5,MHC class I family,human
5EU6,MHC class I family,human
5EUO,MHC class I family,human
5F7D,MHC class I family,human
5F9J,MHC class I family,human
5FA3,MHC class I family,human
5FA4,MHC class I family,human
5FDW,MHC class I family,human
5GRD,MHC class I family,human
5GRG,MHC class I family,human
5GSD,MHC class I family,human
5HGA,MHC class I family,human
5HGB,MHC class I family,human
5HGD,MHC class I family,human
5HGH,MHC class I family,human
5HHM,MHC class I family,human
5HHN,MHC class I family,human
5HHO,MHC class I family,human
5HHP,MHC class I family,human
5HHQ,MHC class I family,human
5HYJ,MHC class I family,human
5IRO,MHC class I family,human
5ISZ,MHC class I family,human
5JHD,MHC class I family,human
5JZI,MHC class I family,human
5MEN,MHC class I family,human
5MEO,MHC class I family,human
5MEP,MHC class I family,human
5MEQ,MHC class I family,human
5MER,MHC class I family,human
5N1Y,MHC class I family,human
5N6B,MHC class I family,human
5NHT,MHC class I family,human
5NME,MHC class I family,human
5NMF,MHC class I family,human
5NMG,MHC class I family,human
5NMH,MHC class I family,human
5NMK,MHC class I family,human
5NQK,MHC class I family,human
5SWQ,MHC class I family,human
5TEZ,MHC class I family,human
5W1W,MHC class I family,human
5WJL,MHC class I family,human
5WJN,MHC class I family,human
5WKF,MHC class I family,human
5WKH,MHC class I family,human
5WSH,MHC class I family,human
5WWI,MHC class I family,human
5WWJ,MHC class I family,human
5WWU,MHC class I family,human
5WXC,MHC class I family,human
5WXD,MHC class I family,human
5XOV,MHC class I family,human
5YXN,MHC class I family,human
5YXU,MHC class I family,human
6AM5,MHC class I family,human
6AMT,MHC class I family,human
6AMU,MHC class I family,human
6APN,MHC class I family,human
6AT9,MHC class I family,human
6D78,MHC class I family,human
6D7G,MHC class I family,human
6DKP,MHC class I family,human
6EI2,MHC class I family,human
6ENY,MHC class I family,human
6EQA,MHC class I family,human
6EQB,MHC class I family,human
6EWA,MHC class I family,human
6EWC,MHC class I family,human
6EWO,MHC class I family,human
6G3J,MHC class I family,human
6G3K,MHC class I family,human
6ID4,MHC class I family,human
6J1W,MHC class I family,human
6J29,MHC class I family,human
6J2A,MHC class I family,human
6JOZ,MHC class I family,human
6JP3,MHC class I family,human
6MPP,MHC class I family,human
6NCA,MHC class I family,human
6O9B,MHC class I family,human
6O9C,MHC class I family,human
6OPD,MHC class I family,human
6PBH,MHC class I family,human
6PTB,MHC class I family,human
6PTE,MHC class I family,human
6Q3K,MHC class I family,human
6Q3S,MHC class I family,human
6R2L,MHC class I family,human
6RP9,MHC class I family,human
6RPA,MHC class I family,human
6RPB,MHC class I family,human
6RSY,MHC class I family,human
6SS7,MHC class I family,human
6SS8,MHC class I family,human
6SS9,MHC class I family,human
6SSA,MHC class I family,human
7L1B,MHC class I family,human
7L1C,MHC class I family,human
7L1D,MHC class I family,human
7MLE,MHC class I family,human
7PHR,MHC class I family,human
7QPD,MHC class I family,human
7RM4,MHC class I family,human
7RRG,MHC class I family,human
4KM5,Mab-21 family,human
4LEV,Mab-21 family,human
4LEW,Mab-21 family,human
4MKP,Mab-21 family,human
4O67,Mab-21 family,human
4O68,Mab-21 family,human
4O69,Mab-21 family,human
5V8O,Mab-21 family,human
5VDO,Mab-21 family,human
5VDP,Mab-21 family,human
5VDQ,Mab-21 family,human
5VDR,Mab-21 family,human
5VDS,Mab-21 family,human
5VDT,Mab-21 family,human
5VDU,Mab-21 family,human
5VDV,Mab-21 family,human
5VDW,Mab-21 family,human
6CT9,Mab-21 family,human
6CTA,Mab-21 family,human
6EDB,Mab-21 family,human
6EDC,Mab-21 family,human
6LRC,Mab-21 family,human
6LRE,Mab-21 family,human
6LRI,Mab-21 family,human
6LRJ,Mab-21 family,human
6LRK,Mab-21 family,human
6LRL,Mab-21 family,human
6MJU,Mab-21 family,human
6MJW,Mab-21 family,human
6MJX,Mab-21 family,human
6NAO,Mab-21 family,human
6NFG,Mab-21 family,human
6NFO,Mab-21 family,human
6O47,Mab-21 family,human
6Y5D,Mab-21 family,human
6Y5E,Mab-21 family,human
7C0M,Mab-21 family,human
7CCQ,Mab-21 family,human
7CCR,Mab-21 family,human
1H03,Receptors of complement activation (RCA) family,human
1H04,Receptors of complement activation (RCA) family,human
1H2P,Receptors of complement activation (RCA) family,human
1H2Q,Receptors of complement activation (RCA) family,human
1M11,Receptors of complement activation (RCA) family,human
1NWV,Receptors of complement activation (RCA) family,human
1OJV,Receptors of complement activation (RCA) family,human
1OJW,Receptors of complement activation (RCA) family,human
1OJY,Receptors of complement activation (RCA) family,human
1OK1,Receptors of complement activation (RCA) family,human
1OK2,Receptors of complement activation (RCA) family,human
1OK3,Receptors of complement activation (RCA) family,human
1OK9,Receptors of complement activation (RCA) family,human
1UOT,Receptors of complement activation (RCA) family,human
1UPN,Receptors of complement activation (RCA) family,human
2C8I,Receptors of complement activation (RCA) family,human
2QZD,Receptors of complement activation (RCA) family,human
2QZF,Receptors of complement activation (RCA) family,human
2QZH,Receptors of complement activation (RCA) family,human
3IYP,Receptors of complement activation (RCA) family,human
3J24,Receptors of complement activation (RCA) family,human
5FOA,Receptors of complement activation (RCA) family,human
6ILJ,Receptors of complement activation (RCA) family,human
6ILK,Receptors of complement activation (RCA) family,human
6LA5,Receptors of complement activation (RCA) family,human
7C9W,Receptors of complement activation (RCA) family,human
7DO4,Receptors of complement activation (RCA) family,human
7VY5,Receptors of complement activation (RCA) family,human
7VY6,Receptors of complement activation (RCA) family,human
4EF4,STING family,human
4EF5,STING family,human
4EMT,STING family,human
4EMU,STING family,human
4F5D,STING family,human
4F5E,STING family,human
4F5W,STING family,human
4F5Y,STING family,human
4F9E,STING family,human
4F9G,STING family,human
4KSY,STING family,human
4LOH,STING family,human
4LOI,STING family,human
4QXO,STING family,human
4QXP,STING family,human
4QXQ,STING family,human
4QXR,STING family,human
5BQX,STING family,human
5JEJ,STING family,human
6CFF,STING family,human
6CY7,STING family,human
6DNK,STING family,human
6DXG,STING family,human
6DXL,STING family,human
6MX0,STING family,human
6MX3,STING family,human
6MXE,STING family,human
6NT5,STING family,human
6O8B,STING family,human
6O8C,STING family,human
6RM0,STING family,human
6S26,STING family,human
6S27,STING family,human
6S86,STING family,human
6UKM,STING family,human
6UKU,STING family,human
6UKV,STING family,human
6UKW,STING family,human
6UKX,STING family,human
6UKY,STING family,human
6UKZ,STING family,human
6UL0,STING family,human
6XF3,STING family,human
6XF4,STING family,human
6XNP,STING family,human
6Y99,STING family,human
6YWA,STING family,human
7KVX,STING family,human
7KW1,STING family,human
1AD6,Retinoblastoma protein (RB) family,human
1GH6,Retinoblastoma protein (RB) family,human
1GUX,Retinoblastoma protein (RB) family,human
1H25,Retinoblastoma protein (RB) family,human
1N4M,Retinoblastoma protein (RB) family,human
1O9K,Retinoblastoma protein (RB) family,human
1PJM,Retinoblastoma protein (RB) family,human
2AZE,Retinoblastoma protein (RB) family,human
2QDJ,Retinoblastoma protein (RB) family,human
2R7G,Retinoblastoma protein (RB) family,human
3N5U,Retinoblastoma protein (RB) family,human
3POM,Retinoblastoma protein (RB) family,human
4CRI,Retinoblastoma protein (RB) family,human
4ELJ,Retinoblastoma protein (RB) family,human
4ELL,Retinoblastoma protein (RB) family,human
3AY5,CCNDBP1 family,human
2ENK,"Cation diffusion facilitator (CDF) transporter (TC 2.A.4) family, SLC30A subfamily",human
1WK0,FNDC3 family,human
1X3D,FNDC3 family,human
1X4X,FNDC3 family,human
1X5X,FNDC3 family,human
2CRM,FNDC3 family,human
2CRZ,FNDC3 family,human
3G9W,Integrin beta chain family,human
3T9K,Integrin beta chain family,human
3VI3,Integrin beta chain family,human
3VI4,Integrin beta chain family,human
4DX9,Integrin beta chain family,human
4WJK,Integrin beta chain family,human
4WK0,Integrin beta chain family,human
4WK2,Integrin beta chain family,human
4WK4,Integrin beta chain family,human
7CEB,Integrin beta chain family,human
7CEC,Integrin beta chain family,human
7NWL,Integrin beta chain family,human
7NXD,Integrin beta chain family,human
3M66,MTERF family,invertebrates
7DCE,XK family,invertebrates
5FD3,Lin-54 family,invertebrates
6C48,Lin-9 family,invertebrates
7N40,Lin-9 family,invertebrates
7R1D,Lin-9 family,invertebrates
1H28,Retinoblastoma protein (RB) family,invertebrates
4YOO,Retinoblastoma protein (RB) family,invertebrates
4YOS,Retinoblastoma protein (RB) family,invertebrates
4YOZ,Retinoblastoma protein (RB) family,invertebrates
5TUV,Retinoblastoma protein (RB) family,invertebrates
7SMC,Retinoblastoma protein (RB) family,invertebrates
7SMD,Retinoblastoma protein (RB) family,invertebrates
7SME,Retinoblastoma protein (RB) family,invertebrates
7SMF,Retinoblastoma protein (RB) family,invertebrates
1CF7,E2F/DP family,invertebrates
5TUU,E2F/DP family,invertebrates
4XI9,Retinoblastoma protein (RB) family,invertebrates
5C1D,Retinoblastoma protein (RB) family,invertebrates
2XU7,WD repeat RBAP46/RBAP48/MSI1 family,invertebrates
3GFC,WD repeat RBAP46/RBAP48/MSI1 family,invertebrates
4PBY,WD repeat RBAP46/RBAP48/MSI1 family,invertebrates
4PBZ,WD repeat RBAP46/RBAP48/MSI1 family,invertebrates
4PC0,WD repeat RBAP46/RBAP48/MSI1 family,invertebrates
4R7A,WD repeat RBAP46/RBAP48/MSI1 family,invertebrates
5FXY,WD repeat RBAP46/RBAP48/MSI1 family,invertebrates
5VTB,WD repeat RBAP46/RBAP48/MSI1 family,invertebrates
5WAI,WD repeat RBAP46/RBAP48/MSI1 family,invertebrates
5WAK,WD repeat RBAP46/RBAP48/MSI1 family,invertebrates
5XWR,WD repeat RBAP46/RBAP48/MSI1 family,invertebrates
5XXQ,WD repeat RBAP46/RBAP48/MSI1 family,invertebrates
5Y1U,WD repeat RBAP46/RBAP48/MSI1 family,invertebrates
6BW3,WD repeat RBAP46/RBAP48/MSI1 family,invertebrates
6BW4,WD repeat RBAP46/RBAP48/MSI1 family,invertebrates
6C23,WD repeat RBAP46/RBAP48/MSI1 family,invertebrates
6C24,WD repeat RBAP46/RBAP48/MSI1 family,invertebrates
6G16,WD repeat RBAP46/RBAP48/MSI1 family,invertebrates
6NQ3,WD repeat RBAP46/RBAP48/MSI1 family,invertebrates
6WKR,WD repeat RBAP46/RBAP48/MSI1 family,invertebrates
6ZRC,WD repeat RBAP46/RBAP48/MSI1 family,invertebrates
6ZRD,WD repeat RBAP46/RBAP48/MSI1 family,invertebrates
7AOA,WD repeat RBAP46/RBAP48/MSI1 family,invertebrates
7KSO,WD repeat RBAP46/RBAP48/MSI1 family,invertebrates
7KSR,WD repeat RBAP46/RBAP48/MSI1 family,invertebrates
7KTP,WD repeat RBAP46/RBAP48/MSI1 family,invertebrates
7M40,WD repeat RBAP46/RBAP48/MSI1 family,invertebrates
5VBD,Peptidase C19 family,mammals
5WCH,Peptidase C19 family,mammals
7YXX,Peptidase C19 family,mammals
7YXY,Peptidase C19 family,mammals
2PNY,IPP isomerase type 1 family,mammals
6D1U,Adrenomedullin family,mammals
6UVA,Adrenomedullin family,mammals
7NQH,Prokaryotic/mitochondrial release factor family,mammals
2MV1,Insulin family,mammals
6RLX,Insulin family,mammals
2DMU,"Paired homeobox family, Bicoid subfamily",mammals
2HE3,Glutathione peroxidase family,mammals
1AXH,"Neurotoxin 08 (Shiva) family, 01 (omega toxin) subfamily",plants
1HVW,"Neurotoxin 08 (Shiva) family, 01 (omega toxin) subfamily",plants
1QH3,"Metallo-beta-lactamase superfamily, Glyoxalase II family",plants
1QH5,"Metallo-beta-lactamase superfamily, Glyoxalase II family",plants
1FW1,"GST superfamily, Zeta family",plants
2R37,Glutathione peroxidase family,rodents
3COS,"Zinc-containing alcohol dehydrogenase family, Class-II subfamily",rodents
6DXW,Acid ceramidase family,rodents
6DXX,Acid ceramidase family,rodents
7E7Z,"Potassium channel family, D (Shal) (TC 1.A.1.2) subfamily, Kv4.2/KCND2 sub-subfamily",rodents
7E83,"Potassium channel family, D (Shal) (TC 1.A.1.2) subfamily, Kv4.2/KCND2 sub-subfamily",rodents
7E87,"Potassium channel family, D (Shal) (TC 1.A.1.2) subfamily, Kv4.2/KCND2 sub-subfamily",rodents
7E8B,"Potassium channel family, D (Shal) (TC 1.A.1.2) subfamily, Kv4.2/KCND2 sub-subfamily",rodents
7E8E,"Potassium channel family, D (Shal) (TC 1.A.1.2) subfamily, Kv4.2/KCND2 sub-subfamily",rodents
7E8H,"Potassium channel family, D (Shal) (TC 1.A.1.2) subfamily, Kv4.2/KCND2 sub-subfamily",rodents
7F0J,"Potassium channel family, D (Shal) (TC 1.A.1.2) subfamily, Kv4.2/KCND2 sub-subfamily",rodents
7F3F,"Potassium channel family, D (Shal) (TC 1.A.1.2) subfamily, Kv4.2/KCND2 sub-subfamily",rodents
7UK5,"Potassium channel family, D (Shal) (TC 1.A.1.2) subfamily, Kv4.2/KCND2 sub-subfamily",rodents
7UKC,"Potassium channel family, D (Shal) (TC 1.A.1.2) subfamily, Kv4.2/KCND2 sub-subfamily",rodents
7UKD,"Potassium channel family, D (Shal) (TC 1.A.1.2) subfamily, Kv4.2/KCND2 sub-subfamily",rodents
7UKE,"Potassium channel family, D (Shal) (TC 1.A.1.2) subfamily, Kv4.2/KCND2 sub-subfamily",rodents
7UKF,"Potassium channel family, D (Shal) (TC 1.A.1.2) subfamily, Kv4.2/KCND2 sub-subfamily",rodents
7UKG,"Potassium channel family, D (Shal) (TC 1.A.1.2) subfamily, Kv4.2/KCND2 sub-subfamily",rodents
7UKH,"Potassium channel family, D (Shal) (TC 1.A.1.2) subfamily, Kv4.2/KCND2 sub-subfamily",rodents
4M91,CRBN family,rodents
4TZ4,CRBN family,rodents
5FQD,CRBN family,rodents
5HXB,CRBN family,rodents
5V3O,CRBN family,rodents
6BN7,CRBN family,rodents
6BN8,CRBN family,rodents
6BN9,CRBN family,rodents
6BNB,CRBN family,rodents
6BOY,CRBN family,rodents
6H0F,CRBN family,rodents
6H0G,CRBN family,rodents
6UML,CRBN family,rodents
6XK9,CRBN family,rodents
7BQU,CRBN family,rodents
7BQV,CRBN family,rodents
7LPS,CRBN family,rodents
8CVP,CRBN family,rodents
8D7U,CRBN family,rodents
8D7V,CRBN family,rodents
8D7W,CRBN family,rodents
8D7X,CRBN family,rodents
8D7Y,CRBN family,rodents
8D7Z,CRBN family,rodents
8D80,CRBN family,rodents
8D81,CRBN family,rodents
2FFU,"Glycosyltransferase 2 family, GalNAc-T subfamily",rodents
2FFV,"Glycosyltransferase 2 family, GalNAc-T subfamily",rodents
4D0T,"Glycosyltransferase 2 family, GalNAc-T subfamily",rodents
4D0Z,"Glycosyltransferase 2 family, GalNAc-T subfamily",rodents
4D11,"Glycosyltransferase 2 family, GalNAc-T subfamily",rodents
5AJN,"Glycosyltransferase 2 family, GalNAc-T subfamily",rodents
5AJO,"Glycosyltransferase 2 family, GalNAc-T subfamily",rodents
5AJP,"Glycosyltransferase 2 family, GalNAc-T subfamily",rodents
5FV9,"Glycosyltransferase 2 family, GalNAc-T subfamily",rodents
5NDF,"Glycosyltransferase 2 family, GalNAc-T subfamily",rodents
6E7I,"Glycosyltransferase 2 family, GalNAc-T subfamily",rodents
6EGS,"Glycosyltransferase 2 family, GalNAc-T subfamily",rodents
6NQT,"Glycosyltransferase 2 family, GalNAc-T subfamily",rodents
6WV3,VKOR family,rodents
6WV4,VKOR family,rodents
6WV5,VKOR family,rodents
6WV6,VKOR family,rodents
6WV7,VKOR family,rodents
6WVH,VKOR family,rodents
4UG0,Universal ribosomal protein uL30 family,rodents
4V6X,Universal ribosomal protein uL30 family,rodents
5AJ0,Universal ribosomal protein uL30 family,rodents
5LKS,Universal ribosomal protein uL30 family,rodents
5T2C,Universal ribosomal protein uL30 family,rodents
6IP5,Universal ribosomal protein uL30 family,rodents
6IP6,Universal ribosomal protein uL30 family,rodents
6IP8,Universal ribosomal protein uL30 family,rodents
6LQM,Universal ribosomal protein uL30 family,rodents
6LSR,Universal ribosomal protein uL30 family,rodents
6LSS,Universal ribosomal protein uL30 family,rodents
6LU8,Universal ribosomal protein uL30 family,rodents
6OLE,Universal ribosomal protein uL30 family,rodents
6OLF,Universal ribosomal protein uL30 family,rodents
6OLG,Universal ribosomal protein uL30 family,rodents
6OLI,Universal ribosomal protein uL30 family,rodents
6OLZ,Universal ribosomal protein uL30 family,rodents
6OM0,Universal ribosomal protein uL30 family,rodents
6OM7,Universal ribosomal protein uL30 family,rodents
6QZP,Universal ribosomal protein uL30 family,rodents
6W6L,Universal ribosomal protein uL30 family,rodents
6XA1,Universal ribosomal protein uL30 family,rodents
6Y0G,Universal ribosomal protein uL30 family,rodents
6Y2L,Universal ribosomal protein uL30 family,rodents
6Y57,Universal ribosomal protein uL30 family,rodents
6Y6X,Universal ribosomal protein uL30 family,rodents
6Z6L,Universal ribosomal protein uL30 family,rodents
6Z6M,Universal ribosomal protein uL30 family,rodents
6Z6N,Universal ribosomal protein uL30 family,rodents
6ZM7,Universal ribosomal protein uL30 family,rodents
6ZME,Universal ribosomal protein uL30 family,rodents
6ZMI,Universal ribosomal protein uL30 family,rodents
6ZMO,Universal ribosomal protein uL30 family,rodents
7BHP,Universal ribosomal protein uL30 family,rodents
7F5S,Universal ribosomal protein uL30 family,rodents
4UHW,Xanthine dehydrogenase family,rodents
4UHX,Xanthine dehydrogenase family,rodents
5EPG,Xanthine dehydrogenase family,rodents
6Q6Q,Xanthine dehydrogenase family,rodents
7OPN,Xanthine dehydrogenase family,rodents
7ORC,Xanthine dehydrogenase family,rodents
1MZA,"Peptidase S1 family, Granzyme subfamily",vertebrates
1MZD,"Peptidase S1 family, Granzyme subfamily",vertebrates
6Y7F,"ELO family, ELOVL7 subfamily",vertebrates
3AL5,TYW5 family,vertebrates
3AL6,TYW5 family,vertebrates
7F6L,EME1/MMS4 family,vertebrates
2P0W,HAT1 family,viruses
6VO5,HAT1 family,viruses
4IG8,2-5A synthase family,viruses
4HOU,IFIT family,viruses
5UDI,IFIT family,viruses
5UDJ,IFIT family,viruses
5UDK,IFIT family,viruses
5UDL,IFIT family,viruses
5W5H,IFIT family,viruses
5W5I,IFIT family,viruses
6C6K,IFIT family,viruses
2E8O,SAMHD1 family,viruses
3U1N,SAMHD1 family,viruses
4BZB,SAMHD1 family,viruses
4BZC,SAMHD1 family,viruses
4CC9,SAMHD1 family,viruses
4MZ7,SAMHD1 family,viruses
4Q7H,SAMHD1 family,viruses
4QFX,SAMHD1 family,viruses
4QFY,SAMHD1 family,viruses
4QFZ,SAMHD1 family,viruses
4QG0,SAMHD1 family,viruses
4QG1,SAMHD1 family,viruses
4QG2,SAMHD1 family,viruses
4QG4,SAMHD1 family,viruses
4RXO,SAMHD1 family,viruses
4RXP,SAMHD1 family,viruses
4RXQ,SAMHD1 family,viruses
4RXR,SAMHD1 family,viruses
4RXS,SAMHD1 family,viruses
4TNP,SAMHD1 family,viruses
4TNQ,SAMHD1 family,viruses
4TNR,SAMHD1 family,viruses
4TNX,SAMHD1 family,viruses
4TNY,SAMHD1 family,viruses
4TNZ,SAMHD1 family,viruses
4TO0,SAMHD1 family,viruses
4TO1,SAMHD1 family,viruses
4TO2,SAMHD1 family,viruses
4TO3,SAMHD1 family,viruses
4TO4,SAMHD1 family,viruses
4TO5,SAMHD1 family,viruses
4TO6,SAMHD1 family,viruses
4ZWE,SAMHD1 family,viruses
4ZWG,SAMHD1 family,viruses
5AO0,SAMHD1 family,viruses
5AO1,SAMHD1 family,viruses
5AO2,SAMHD1 family,viruses
5AO3,SAMHD1 family,viruses
5AO4,SAMHD1 family,viruses
6CM2,SAMHD1 family,viruses
6DW3,SAMHD1 family,viruses
6DW4,SAMHD1 family,viruses
6DW5,SAMHD1 family,viruses
6DW7,SAMHD1 family,viruses
6DWD,SAMHD1 family,viruses
6DWJ,SAMHD1 family,viruses
6DWK,SAMHD1 family,viruses
6TX0,SAMHD1 family,viruses
6TXA,SAMHD1 family,viruses
6TXC,SAMHD1 family,viruses
6TXE,SAMHD1 family,viruses
6TXF,SAMHD1 family,viruses
6U6X,SAMHD1 family,viruses
6U6Y,SAMHD1 family,viruses
6U6Z,SAMHD1 family,viruses
6XU1,SAMHD1 family,viruses
6YOM,SAMHD1 family,viruses
7A5Y,SAMHD1 family,viruses
7LTT,SAMHD1 family,viruses
7LU5,SAMHD1 family,viruses
7S2Y,SAMHD1 family,viruses
7UJN,SAMHD1 family,viruses
3LJB,"TRAFAC class dynamin-like GTPase superfamily, Dynamin/Fzo/YdjA family",viruses
3SZR,"TRAFAC class dynamin-like GTPase superfamily, Dynamin/Fzo/YdjA family",viruses
3ZYS,"TRAFAC class dynamin-like GTPase superfamily, Dynamin/Fzo/YdjA family",viruses
4P4S,"TRAFAC class dynamin-like GTPase superfamily, Dynamin/Fzo/YdjA family",viruses
4P4T,"TRAFAC class dynamin-like GTPase superfamily, Dynamin/Fzo/YdjA family",viruses
4P4U,"TRAFAC class dynamin-like GTPase superfamily, Dynamin/Fzo/YdjA family",viruses
5GTM,"TRAFAC class dynamin-like GTPase superfamily, Dynamin/Fzo/YdjA family",viruses
4G1T,IFIT family,viruses
1WH3,2-5A synthase family,viruses
4XQ7,2-5A synthase family,viruses
2X5Y,ARTD/PARP family,viruses
4X52,ARTD/PARP family,viruses
6UEI,ARTD/PARP family,viruses
6UEJ,ARTD/PARP family,viruses
7KZH,ARTD/PARP family,viruses
7TGQ,ARTD/PARP family,viruses
5IJH,SYG1 (TC 2.A.94) family,viruses
1DFN,Alpha-defensin family,viruses
1ZMH,Alpha-defensin family,viruses
1ZMI,Alpha-defensin family,viruses
1ZMK,Alpha-defensin family,viruses
2PM4,Alpha-defensin family,viruses
2PM5,Alpha-defensin family,viruses
7A6H,Eukaryotic RPC4/POLR3D RNA polymerase subunit family,viruses
7AE1,Eukaryotic RPC4/POLR3D RNA polymerase subunit family,viruses
7AE3,Eukaryotic RPC4/POLR3D RNA polymerase subunit family,viruses
7AEA,Eukaryotic RPC4/POLR3D RNA polymerase subunit family,viruses
7AST,Eukaryotic RPC4/POLR3D RNA polymerase subunit family,viruses
7D58,Eukaryotic RPC4/POLR3D RNA polymerase subunit family,viruses
7D59,Eukaryotic RPC4/POLR3D RNA polymerase subunit family,viruses
7DN3,Eukaryotic RPC4/POLR3D RNA polymerase subunit family,viruses
7DU2,Eukaryotic RPC4/POLR3D RNA polymerase subunit family,viruses
7FJI,Eukaryotic RPC4/POLR3D RNA polymerase subunit family,viruses
7FJJ,Eukaryotic RPC4/POLR3D RNA polymerase subunit family,viruses
4WSQ,"Protein kinase superfamily, Ser/Thr protein kinase family",viruses
5L4Q,"Protein kinase superfamily, Ser/Thr protein kinase family",viruses
5TE0,"Protein kinase superfamily, Ser/Thr protein kinase family",viruses
2YPT,Peptidase M48A family,viruses
4AW6,Peptidase M48A family,viruses
5SYT,Peptidase M48A family,viruses
6BH8,Peptidase M48A family,viruses
2RQA,"Helicase family, RLR subfamily",viruses
2W4R,"Helicase family, RLR subfamily",viruses
3EQT,"Helicase family, RLR subfamily",viruses
